App Package Name,Play Store Name,Category,Average Rating,Number of Ratings,Number of Downloads,Date Updated,Icon URL
com.facebook.katana,Facebook,Social,4.0,65923961,"  1,000,000,000 - 5,000,000,000  ","May 10, 2017",https://lh3.googleusercontent.com/ZZPdzvlpK9r_Df9C3M7j1rNRi7hhHRvPhlklJ3lfi5jk86Jd1s0Y5wcQ1QgbVaAP5Q=w300
com.whatsapp,WhatsApp Messenger,Communication,4.4,55264718,"  1,000,000,000 - 5,000,000,000  ","May 12, 2017",https://lh6.ggpht.com/mp86vbELnqLi2FzvhiKdPX31_oiTRLNyeK8x4IIrbF5eD1D5RdnVwjQP0hwMNR_JdA=w300
com.instagram.android,Instagram,Social,4.5,48792032,"  1,000,000,000 - 5,000,000,000  ","May 12, 2017",https://lh3.googleusercontent.com/aYbdIM1abwyVSUZLDKoE0CDZGRhlkpsaPOg9tNnBktUQYsXflwknnOn2Ge1Yr7rImGk=w300
com.google.android.youtube,YouTube,Video Players & Editors,4.2,14364672,"  1,000,000,000 - 5,000,000,000  ","December 13, 2016",https://lh5.ggpht.com/jZ8XCjpCQWWZ5GLhbjRAufsw3JXePHUJVfEvMH3D055ghq0dyiSP3YxfSc_czPhtCLSO=w300
com.UCMobile.intl,UC Browser - Fast Download,Communication,4.5,14079441,"  100,000,000 - 500,000,000  ","April 26, 2017",https://lh3.googleusercontent.com/dH4iXrVFkT-6s62wew4Hg4E5K7S8eeJHs53L9UjPHFJmZULw51aaBUkUrm1LvQ79Lnk=w300
com.snapchat.android,Snapchat,Social,4.0,11869904,"  500,000,000 - 1,000,000,000  ","May 10, 2017",https://lh4.ggpht.com/vdK_CsMSsJoYvJpYgaj91fiJ1T8rnSHHbXL0Em378kQaaf_BGyvUek2aU9z2qbxJCAFV=w300
com.bbm,BBM - Free Calls & Messages,Communication,4.3,11837308,"  100,000,000 - 500,000,000  ","May 7, 2017",https://lh3.googleusercontent.com/Pwib7QDQnb-zK756VWLL5SoMyorKm6nsjImGay3bH4QwYVRjU1G8inXuQWR4r0ZfIxY=w300
com.viber.voip,Viber Messenger,Communication,4.3,10230180,"  500,000,000 - 1,000,000,000  ","April 26, 2017",https://lh3.googleusercontent.com/8WsuI2NpvYJljZshzCgLXKRLnFLzz3q4I3JGw3L0vfintPGEiTChOXDIrnoXFFfme58=w300
com.skype.raider,Skype - free IM & video calls,Communication,4.1,9787021,"  500,000,000 - 1,000,000,000  ","May 9, 2017",https://lh5.ggpht.com/1CxNUEdzrREikWZoaHIU5J63x2gOxTb7R-ZIbJd51uPBFt0jUj8AX2bMOhKiIBcuAqtH=w300
jp.naver.line.android,LINE: Free Calls & Messages,Communication,4.2,9522290,"  500,000,000 - 1,000,000,000  ","May 10, 2017",https://lh3.googleusercontent.com/l-ZZOFGyeKYz3stUbxTECHYnXcRD66C9g0tjiWA_okVIxZyb0E7_esU8LRpq_0LFCu8Y=w300
com.twitter.android,Twitter,News & Magazines,4.2,8744488,"  500,000,000 - 1,000,000,000  ","December 9, 2016",https://lh3.ggpht.com/lSLM0xhCA1RZOwaQcjhlwmsvaIQYaP3c5qbDKCgLALhydrgExnaSKZdGa8S3YtRuVA=w300
com.google.android.apps.maps,Maps - Navigation & Transit,Travel & Local,4.3,7905353,"  1,000,000,000 - 5,000,000,000  ","May 11, 2017",https://lh3.googleusercontent.com/MOf9Kxxkj7GvyZlTZOnUzuYv0JAweEhlxJX6gslQvbvlhLK5_bSTK6duxY2xfbBsj43H=w300
com.android.chrome,Google Chrome: Fast & Secure,Communication,4.3,7476668,"  1,000,000,000 - 5,000,000,000  ","May 2, 2017",https://lh3.googleusercontent.com/nYhPnY2I-e9rpqnid9u9aAODz4C04OycEGxqHG5vxFnA35OGmLMrrUmhM9eaHKJ7liB-=w300
com.waze,"Waze - GPS, Maps & Traffic",Maps & Navigation,4.6,5693153,"  100,000,000 - 500,000,000  ","December 7, 2016",https://lh3.ggpht.com/7JPOKRuanUwnX42dJ9H-PscC-sRkK43GQGRoklxusB4FKBPJEOJY3c7ZhQbcsXol-v8=w300
com.antivirus,AntiVirus FREE (Virus Cleaner),Communication,4.5,5370860,"  100,000,000 - 500,000,000  ","December 14, 2016",https://lh6.ggpht.com/Or_Pcx9Bsn7lFYaWUnA9FTiEUM5sBsijTnNVH_vriJWCKf7W5UWNvtpEt1OEsr-1gIY=w300
com.truecaller,Truecaller: Caller ID & Dialer,Communication,4.5,5045169,"  100,000,000 - 500,000,000  ","May 11, 2017",https://lh3.googleusercontent.com/bC3nh3KH4sbE07z_tACfxOy0ocUzAKrZYGFBXuHbDAMlzQjTPPxSaFpmfebpzAxbeh5s=w300
com.tencent.mm,WeChat,Communication,4.2,5025722,"  100,000,000 - 500,000,000  ","April 14, 2017",https://lh3.ggpht.com/zC5Q4atR1JytzagSPIPAg-z4uItJGsTVjZHvf9nSeGdwrwnuPPW_OqMk6FAI3DJvzQ=w300
com.duolingo,Duolingo: Learn Languages Free,Education,4.7,4449253,"  50,000,000 - 100,000,000  ","May 11, 2017",https://lh3.googleusercontent.com/Yfps1k5jfeCC6j3ahm1s6dyUrSHusfk_1WDSTRjSNpZA49iYSKd_uljgs9UScBXgISOX=w300
com.vkontakte.android,VK,Social,4.1,4437079,"  100,000,000 - 500,000,000  ","May 6, 2017",https://lh3.googleusercontent.com/BIiGrMnIkSZXn3a8qYmEbKShNutHhqK7AEcWaLOlyZ9vxmf5QXPPoeUFpsEhH42fww=w300
com.google.android.play.games,Google Play Games,Entertainment,4.1,4034140,"  1,000,000,000 - 5,000,000,000  ","November 18, 2016",https://lh3.googleusercontent.com/UFJL7ni5i_F8V9Em0yymU4_x8uWhpKqDiA13Zo3ybgPJa48ujJjNfHLbvKr-3_MXzjLa=w300
com.google.android.gm,Gmail,Communication,4.3,3854548,"  1,000,000,000 - 5,000,000,000  ","May 10, 2017",https://lh6.ggpht.com/8-N_qLXgV-eNDQINqTR-Pzu5Y8DuH0Xjz53zoWq_IcBNpcxDL_gK4uS_MvXH00yN6nd4=w300
com.popularapp.periodcalendar,"Period Tracker, My Calendar",Health & Fitness,4.7,3752748,"  50,000,000 - 100,000,000  ","December 15, 2016",https://lh3.googleusercontent.com/jCw0w3M5ILePsx_LxtCNJHSntwGsa4yPY-PfiiXBtbNo-pvCNMyo6N5PUKiu1v9URDs=w300
com.google.android.apps.plus,Google+,Social,4.2,3741353,"  1,000,000,000 - 5,000,000,000  ","May 8, 2017",https://lh3.googleusercontent.com/N-AY2XwXafWq4TQWfua6VyjPVQvTGRdz9CKOHaBl2nu2GVg7zxS886X5giZ9yY2qIjPh=w300
com.contextlogic.wish,Wish - Shopping Made Fun,Shopping,4.5,3673250,"  100,000,000 - 500,000,000  ","May 12, 2017",https://lh3.googleusercontent.com/2JPRbBcHwelRTO-y25hyKGejNLf0UPAw_apJtyuu7PXSBk0n8iKUvlG0CihfebSPLQ=w300
com.imo.android.imoim,imo free video calls and chat,Communication,4.3,3655474,"  100,000,000 - 500,000,000  ","May 10, 2017",https://lh3.googleusercontent.com/tm_N1osJGfifuRlMfEip4kZFD5QCtd42CYYEhUsxABzIoEn6Nb9UXjRVmjoeKvMFUCzF=w300
com.netflix.mediaclient,Netflix,Entertainment,4.4,3430592,"  100,000,000 - 500,000,000  ","December 12, 2016",https://lh3.googleusercontent.com/jcbqFma-5e91cY9MlEasA-fvCRJK493MxphrqbBd8oS74FtYg00IXeOAn0ahsLprxIA=w300
com.flipkart.android,Flipkart Online Shopping,Shopping,4.3,3282834,"  50,000,000 - 100,000,000  ","May 4, 2017",https://lh3.googleusercontent.com/REVWVIfDnMlClUnFat1qgVljxhvFxd2azTIIH2sPSmLZI-1KTonBD8niz8fh7pg4WX9U=w300
com.opera.mini.native,Opera Mini - fast web browser,Communication,4.4,3236945,"  100,000,000 - 500,000,000  ","May 12, 2017",https://lh3.googleusercontent.com/CrsX4NgCfgY1B8ry-cP0qdEgR7cB7717qmVajenGgWuh5t7jCg6cRQxLi1c73hj3iQ=w300
com.outfit7.talkingtom2free,Talking Tom Cat 2,Entertainment,4.3,3026326,"  100,000,000 - 500,000,000  ","April 13, 2017",https://lh3.googleusercontent.com/Ef1eTh77Pb9mLD87UCoWlKgjZlCti7_i5IWIU8tvHkEZ0uKI3jgzprk5rOLJbyQyHiGE=w300
com.shazam.android,Shazam - Discover Music,Music & Audio,4.4,3021448,"  100,000,000 - 500,000,000  ","May 9, 2017",https://lh3.googleusercontent.com/mwTU9-4NX-_QlATb6lILSinKI47wAtOM38GjPYRPQSsQOG2hVRY4h9OfEhDxpf8ADQ=w300
com.pinterest,Pinterest,Social,4.6,3000383,"  100,000,000 - 500,000,000  ","May 12, 2017",https://lh3.googleusercontent.com/SrULGsyndXJk6Gs4Lmv34sOlMDAroy1bzPPr9X1U5oVdv5TAAJX4JkYPO_wQAdP7TBA=w300
com.uc.browser.en,UC Browser Mini-Tiny and Fast,Communication,4.4,2824098,"  100,000,000 - 500,000,000  ","March 14, 2017",https://lh3.googleusercontent.com/qpri6vFDaDrfTWLRzr6sucCewEv5qMmPRqsQk_LOv4igejyeKgXX033PniQVOPqrKvU=w300
org.mozilla.firefox,Firefox Browser fast & private,Communication,4.4,2806870,"  100,000,000 - 500,000,000  ","May 6, 2017",https://lh5.ggpht.com/8PODwBXKk4L201m4IO1wifRDfbn4Q1JxNxOzj-5TXPJ85_S-vOqntLi7TsVyeFQM0w4=w300
net.one97.paytm,"Payments, Wallet & Recharge",Shopping,4.4,2596093,"  50,000,000 - 100,000,000  ","April 26, 2017",https://lh3.googleusercontent.com/TA8TqYpRe77mzU0CjbzwZyN1iEhRlN6LpyLINQxKiwwzrdWvlGkcCPS4Q42PsGBmvsjY=w300
com.soundcloud.android,SoundCloud - Music & Audio,Music & Audio,4.4,2524961,"  100,000,000 - 500,000,000  ","December 15, 2016",https://lh3.googleusercontent.com/ZwkhZQkwDp8zN6s3HqIYjRMBio3hQhSZczBga6XGnp_DseFgBF6R4XCco49MpdFTdUVz=w300
com.tumblr,Tumblr,Social,4.4,2502359,"  50,000,000 - 100,000,000  ","May 11, 2017",https://lh3.googleusercontent.com/1WfSoBEqhRVVTcomnODPWhGzQ3FyEiqrsybcelJ1HaZ8wbLPHe7yO_o7MMRC3OzVzQ=w300
com.google.android.music,Google Play Music,Music & Audio,3.9,2498787,"  1,000,000,000 - 5,000,000,000  ","December 15, 2016",https://lh3.googleusercontent.com/gdBHEk-u3YRDtuCU3iDTQ52nZd1t4GPmldYaT26Jh6EhXgp1mlhQiuLFl4eXDAXzDig5=w300
com.bsb.hike,hike messenger,Social,4.3,2378559,"  50,000,000 - 100,000,000  ","May 11, 2017",https://lh3.googleusercontent.com/J5A1QNpbF0FuqyI_Lz3yYUxpUmmS3ci_o-x-JhMr61q9YufFubg8i92WnD1xDHY5Avtb=w300
com.ebay.mobile,"eBay - Buy, Sell & Save Money",Shopping,4.3,2335538,"  100,000,000 - 500,000,000  ","April 26, 2017",https://lh3.googleusercontent.com/zmJTC0HBAeAk9ZcCjNANsQMLv78-oc04-b9olW60XYFBj78jf3-Iuj36EghO5dS0dg=w300
com.zhiliaoapp.musically,musical.ly,Social,4.4,2211239,"  50,000,000 - 100,000,000  ","May 10, 2017",https://lh3.googleusercontent.com/k8_gO573C0t4kLZIRjWLci0QA5vxW9nKxVrhU6Y5JqrDvg8B8r4qwEIpAEHD9EXGoCU=w300
com.sirma.mobile.bible.android,Bible,Books & Reference,4.7,2197375,"  100,000,000 - 500,000,000  ","April 26, 2017",https://lh6.ggpht.com/74y0CQPge97891bmx15T17-tWp8oW3V9ij7n2C0fP5Jysrr2deeERBXoQbVqvC0z7kA=w300
com.devexpert.weather,Weather & Clock Widget Android,Weather,4.4,2153416,"  50,000,000 - 100,000,000  ","October 11, 2016",https://lh3.ggpht.com/jgRxxSNZWjiG9pGQNIoE0F-9Xgn7BzvgeyCXb-55TnR7sixhfOsLStXcZLlMwPheaic=w300
com.smule.singandroid,Smule Sing!,Music & Audio,4.1,2145582,"  100,000,000 - 500,000,000  ","May 8, 2017",https://lh3.googleusercontent.com/YqQjm8Q-2LGk5y4beqVVKqyOVsS25BoAj3E3p2B5jD1Ez3R95ChaaK9TRbKULvzxLqE=w300
com.tinder,Tinder,Lifestyle,3.9,2141509,"  50,000,000 - 100,000,000  ","May 10, 2017",https://lh3.googleusercontent.com/4VCBFVmZZMyAOAQXih2A_91R9FxnqtijzR2R1n1b7OyUl5WaMlpUO3paY5hLYIkPgsbC=w300
com.ismaker.android.simsimi,SimSimi,Entertainment,4.3,2126040,"  50,000,000 - 100,000,000  ","May 11, 2017",https://lh4.ggpht.com/lNHAV_rUG6uAUjcvCLax7m20i2KZIbdtvBdxjDmXI7Q3dOHKHGzq3oYa_xMHclc7JBI=w300
com.google.earth,Google Earth,Travel & Local,4.3,2092393,"  100,000,000 - 500,000,000  ","May 10, 2017",https://lh3.googleusercontent.com/AEUm_nsufnYaRVkZ4opiyGVWqbcbo7PF1fWxQvxGSaA5G4kN5s80oxf16pwkP6aOHV8=w300
ru.ok.android,OK,Social,4.4,1928291,"  50,000,000 - 100,000,000  ","May 12, 2017",https://lh3.googleusercontent.com/TSYfeVboBPSlIZC6mfY0epJ8b1EkPiY6MStCoPgRuqX-TsJiqRsBcv8dMleCO1eaowM=w300
com.ubercab,Uber,Maps & Navigation,4.3,1743195,"  100,000,000 - 500,000,000  ","December 15, 2016",https://lh3.googleusercontent.com/grsL-sVOds-X3WXwQKYplloxD2wkWLUmpXFYTX2dmbAltKTRskhDX4rsdLwavMv5LHQ=w300
com.mercadolibre,Mercado Libre,Shopping,4.6,1684369,"  50,000,000 - 100,000,000  ","May 13, 2017",https://lh3.googleusercontent.com/4Mmc8H-yPhsAupWpyGFAOLkqOOCaN-Rk5DFwVBGAtOvUiy-neZZGeHTvvuCpeRB-LFlx=w300
com.outfit7.talkingangelafree,Talking Angela,Entertainment,3.7,1645049,"  100,000,000 - 500,000,000  ","April 6, 2017",https://lh3.googleusercontent.com/6GIVz1cEhA5hdwxC-9ze5TKf9sizOxydMQjaUJra28ciIQIKUoNF9q0tnqxnGjS6fX8=w300
com.clearchannel.iheartradio.controller,iHeartRadio Free Music & Radio,Music & Audio,4.7,1609761,"  50,000,000 - 100,000,000  ","April 25, 2017",https://lh3.googleusercontent.com/YARR2HEM0sHh8RO8NygmV5CqIZxxDthWTFIG1B3NVJvksfPX0lr8yWr4m9Xekj28zQ=w300
com.outfit7.talkingtom,Talking Tom Cat,Entertainment,4.3,1562171,"  100,000,000 - 500,000,000  ","April 14, 2017",https://lh3.googleusercontent.com/feIHJk4hh3Q1Kopm6rsaDnXgeejWvIRmW1ZmFMg6faBQ4eMpCilCitwc4Mpm8xHor3A=w300
com.musixmatch.android.lyrify,Musixmatch Lyrics,Music & Audio,4.5,1553497,"  10,000,000 - 50,000,000  ","November 22, 2016",https://lh4.ggpht.com/yrUJPyt4kgNtLTnWK42fHteubCfllwm-Hk0uDut2jQr96mkch4-uNwEoQXwVIEtmUeGd=w300
com.path,Path,Social,4.4,1472821,"  10,000,000 - 50,000,000  ","April 26, 2017",https://lh5.ggpht.com/0rz9IRFrKhPvveP_LiT85z_M2GXSz7lAoq8d3lzToZwZL7HBfnU5FYcp-9SXU69G7z4=w300
com.outfit7.talkingben,Talking Ben the Dog,Entertainment,4.3,1463252,"  100,000,000 - 500,000,000  ","February 23, 2017",https://lh3.googleusercontent.com/CY7nBbhycFN_mwlkVs4IaNc4cGuqxx0XT7X_M07aFyCCJW5R9k3MSVSKbKL8ye972GWV=w300
com.springwalk.mediaconverter,MP3 Video Converter,Music & Audio,4.2,1452305,"  100,000,000 - 500,000,000  ","November 18, 2016",https://lh3.ggpht.com/SirsGwfTlV_CgfC1B9UtJKVIVVl729kyH2Su1_K9E1_9qDvzHbq47ESB1cqgOYrFYmo=w300
com.myfitnesspal.android,Calorie Counter - MyFitnessPal,Health & Fitness,4.6,1439140,"  50,000,000 - 100,000,000  ","December 15, 2016",https://lh3.googleusercontent.com/WkGXEesGEu4ayZctjADlDKdscS3Ve1hmoVzhHQYh9NuK9QpDA3Rx6ae3jg7VH2dFZqk=w300
tv.twitch.android.app,Twitch,Entertainment,4.7,1434185,"  10,000,000 - 50,000,000  ","May 10, 2017",https://lh3.googleusercontent.com/Ti7DQ5NH92V-_uuOiTbMOMwAjVXzl2rubjygxQp3KGutzuRHnjYvpCtfWJybeDYh4g=w300
tunein.player,TuneIn Radio - Radio & Music,Music & Audio,4.4,1414277,"  100,000,000 - 500,000,000  ","May 1, 2017",https://lh5.ggpht.com/sKDHqFxD1GbTloyVxCLtGU_0FUg5Kkv2v0BMce-lzRir_j7CXy7b5zJk3RvQhL01MQ=w300
com.gau.go.launcherex.gowidget.weatherwidget,GO Weather Forecast & Widgets,Weather,4.5,1354130,"  50,000,000 - 100,000,000  ","May 12, 2017",https://lh3.googleusercontent.com/NFZW7z9KZqaplVRWefEVet--obx7d083f8WMH1B34RYmou9fL-LGBveQCZufF2giFdrT=w300
com.weather.Weather,Weather - The Weather Channel,Weather,4.3,1352404,"  50,000,000 - 100,000,000  ","May 11, 2017",https://lh6.ggpht.com/hGnzb0TzcUKDC63BIxs-x0wig5iq7SJd7F1iSRBywX3fbKyLoMDZWAsJJNxyOx9F1rUk=w300
com.google.android.apps.books,Google Play Books,Books & Reference,3.9,1331310,"  1,000,000,000 - 5,000,000,000  ","February 27, 2017",https://lh3.googleusercontent.com/DglqS-eYHQYXnj8M8tmzh3JcKDXcidSo3IzgyCZzci8ZTV9Pmuk8vvIFh9XHOztC3Q=w300
com.digidust.elokence.akinator.freemium,Akinator the Genie FREE,Entertainment,4.3,1320429,"  50,000,000 - 100,000,000  ","April 18, 2017",https://lh4.ggpht.com/ZqeqVpm0nPVT5tHmnT5xreOWnDghhQWxnn07uHf4J86zW3LC1_KG2C55gycrbZv7dMA=w300
com.snapdeal.main,Snapdeal: Online Shopping App,Shopping,4.1,1308443,"  10,000,000 - 50,000,000  ","May 8, 2017",https://lh3.googleusercontent.com/uX2UDcvAZp10bN-A28FaW2LBLGMV3BShyxDyh6npZH03VWbVv09WE-GLkr9U0PmSbJAy=w300
com.yahoo.mobile.client.android.weather,Yahoo Weather,Weather,4.4,1224572,"  10,000,000 - 50,000,000  ","March 8, 2017",https://lh6.ggpht.com/AQgEWq9WMSMD1MPd2RDqS6HJCzq8nu-iRFW3PvKqTb1IglzRh5DChrruWlcJmvoQ_zo=w300
com.sygic.aura,GPS Navigation & Maps Sygic,Maps & Navigation,4.4,1203886,"  50,000,000 - 100,000,000  ","May 4, 2017",https://lh5.ggpht.com/PcKT5P0Z-89uAd05neDh0XUSsSpu0bwjIITduuLVjNyxZDM7U_xnZBVE1QFjOBSuM6A=w300
com.askfm,ASKfm,Social,4.1,1196331,"  50,000,000 - 100,000,000  ","April 24, 2017",https://lh3.googleusercontent.com/ATVYYJdhnBRAkdN3G3sG-nT46vOoAnPahRcMS6YjIz0G90q9766d32_NVgREYbCtWw=w300
com.macropinch.swan,Weather,Weather,4.4,1189959,"  10,000,000 - 50,000,000  ","February 23, 2017",https://lh6.ggpht.com/zKxCMk0WEukPPgE9kBDhoDebAWxniEZey4XuGeQQHh-G8aW-JflSP3vYz2S8bMh9jo-C=w300
com.groupon,Groupon - Shop Deals & Coupons,Shopping,4.5,1182534,"  50,000,000 - 100,000,000  ","May 2, 2017",https://lh3.googleusercontent.com/i93nI0wKn_VBPCG0v6ZmJFBqnTw461--nEcFUAZSREhPLExrh8TNILijPFKEvMcWP9c=w300
com.facebook.pages.app,Facebook Pages Manager,Business,4.0,1158141,"  50,000,000 - 100,000,000  ","May 11, 2017",https://lh4.ggpht.com/vcyZimfIRlWrLarEpIj7MMSuqgwIkF4bx5nArKhFWsEqGclnPTAeLLK4cFiQ5QscRIEc=w300
sg.bigo.live,BIGO LIVE - Live Stream,Social,4.3,1152696,"  50,000,000 - 100,000,000  ","May 13, 2017",https://lh3.googleusercontent.com/ZMeRZXyRNgYjDkOBFeQ2dAhRwLBzT-UnPi8v80eFepHoDnWJ9EiWw0Vy8U_WXp1Skg=w300
com.oovoo,"ooVoo Video Call, Text & Voice",Social,4.4,1151121,"  50,000,000 - 100,000,000  ","April 30, 2017",https://lh3.googleusercontent.com/xgp6U6-XbpylOlfQT98mPA5yPvCxNQW5D_u9MNyvklRWQ6URJMUDAH9jt1mBQqRbscE=w300
flipboard.app,Flipboard: Your News Magazine,News & Magazines,4.4,1141076,"  500,000,000 - 1,000,000,000  ","October 28, 2016",https://lh4.ggpht.com/bT2W_cLEBJ58KwL3F9N3FfecplkcC4RaB-OFpA120dp8MBfiHOo6W0yXhaY6I5yD7Ck=w300
com.myyearbook.m,MeetMe: Chat & Meet New People,Social,4.2,1122934,"  10,000,000 - 50,000,000  ","May 12, 2017",https://lh3.googleusercontent.com/iCqsm7cH0HX2rNHu298w-dGKEYY4M5krj6yuy322nvY7cC0QG-A2V8aYJ6Euod5zT30=w300
deezer.android.app,Deezer - Songs & Music Player,Music & Audio,4.1,1067332,"  100,000,000 - 500,000,000  ","December 12, 2016",https://lh6.ggpht.com/xWRpCfAK6F2vF8ZPmTBi1oOyUI76GxuBGoD9jLGuVzq-4HuOCpDo1wdi6Gkhe2z4xg4=w300
com.tripadvisor.tripadvisor,TripAdvisor Hotels Restaurants,Travel & Local,4.4,1016161,"  100,000,000 - 500,000,000  ","May 11, 2017",https://lh3.ggpht.com/HlefFaVW39Vbv1q5pm1bOxX7FcOuZDWv0TH1reLUFxhXTi-Eah0CEJvS5Mv3DYRv8mk=w300
com.outfit7.talkingnewsfree,Talking Tom & Ben News,Entertainment,4.3,985248,"  50,000,000 - 100,000,000  ","April 30, 2015",https://lh3.ggpht.com/wN2BSU5Oi7COw_lvOfKZ6VgYcmA3S_KbC1uoI6rnATQ71JbRB9Wp-POs-sUHEJWwqDs=w300
com.contextlogic.geek,Geek - Smarter Shopping,Shopping,4.5,948418,"  10,000,000 - 50,000,000  ","April 20, 2017",https://lh3.googleusercontent.com/c5Eklk6ZTTHxtCsdZgfHYic9PL4tBkpgycacb_uDZ2MftogUbjk-5RFJgWNqNtSXKQ=w300
com.booking,"Booking Hotels, Vacation Deals",Travel & Local,4.6,943468,"  50,000,000 - 100,000,000  ","May 4, 2017",https://lh3.googleusercontent.com/7STAjs-WNfZHmYllyLag4gdhmHm8JrbmzVrznejwAeLEbpu0yDt-GlJaDipzXAZBN18=w300
com.chase.sig.android,Chase Mobile,Finance,4.6,941846,"  10,000,000 - 50,000,000  ","December 1, 2016",https://lh4.ggpht.com/zfXLEYjCcn-peZoNQpwfqYTg-KtFuzs80Twae8obhfL_HS4ydGsJ1EUHIoKcyhLw8Pk=w300
mobi.wifi.toolbox,Swift WiFi:Global WiFi Sharing,Travel & Local,4.2,875624,"  50,000,000 - 100,000,000  ","April 10, 2017",https://lh3.googleusercontent.com/CGCtfuS-ISG9UVy0EKYq9Ikon2dKS-0uXwtdldpe8LR39J7QVbRtVry5-KCQ7M4Ao1FP=w300
com.dictionary,Dictionary.com,Books & Reference,4.6,875407,"  10,000,000 - 50,000,000  ","May 7, 2017",https://lh3.googleusercontent.com/ntATN59xlZfVqs8-DtSyBrvF1HDp96F15V0-YIqvHHiKOQ3xjFode9F2J-4hjG7jwGw=w300
media.music.musicplayer,Music Player - Audio Player,Music & Audio,4.2,874868,"  50,000,000 - 100,000,000  ","April 21, 2017",https://lh3.googleusercontent.com/yW39XyOZlkT9zX1nr-T7TKEbEnZYOZXOLNwL27TDlG6rxLao7qRo5Q6bSycfigQhLMg=w300
com.mapfactor.navigator,MapFactor GPS Navigation Maps,Maps & Navigation,4.5,872657,"  10,000,000 - 50,000,000  ","May 14, 2017",https://lh6.ggpht.com/Al8iS4JCagjHhqzdDbCWlBLPEzYb5kygxeE0epunRxmOMNeA4WGUrZPwRQ8Ial0Skw=w300
com.mobisystems.office,OfficeSuite + PDF Editor,Business,4.3,868363,"  100,000,000 - 500,000,000  ","May 4, 2017",https://lh3.googleusercontent.com/Sr3HKlBJKk8XKl4C6srZgvcKprvI9Qq8dUNK_WK8MWHhEaU3uIYADuGFfSlGqrlojQbj=w300
com.lazada.android,Lazada - Shopping & Deals,Shopping,4.2,867085,"  10,000,000 - 50,000,000  ","May 5, 2017",https://lh3.googleusercontent.com/ufXyfdYG1JaK1seJObIlxOR_9wVgnTaPULReSAjx0usMnK1hJIStpH70sYPlTmaTQWI=w300
com.outfit7.tomlovesangelafree,Tom Loves Angela,Entertainment,4.1,866966,"  50,000,000 - 100,000,000  ","March 27, 2015",https://lh3.ggpht.com/RtMAXVbCMdp7ALqEg1wyoHVOWsNj9LvEP2b0bn0UrSMheVjkyj8dCFNfzfMYim_-HL8=w300
media.audioplayer.musicplayer,Music Player,Music & Audio,4.4,863601,"  50,000,000 - 100,000,000  ","May 4, 2017",https://lh3.googleusercontent.com/5CT9vD2z4Uk3CsnsSwLptyt1xenI9YLGecONefEF6aNzpS4cjv1Lp-HLHWVeoCIIFkxk=w300
com.ubercab.driver,Uber Driver,Maps & Navigation,4.4,846672,"  10,000,000 - 50,000,000  ","May 11, 2017",https://lh3.googleusercontent.com/71RQti5COPiUU6syMYePBeCozfE6xRwm-1ONbqe6TpsOP1nBj4Z4Y4QPpaO_F-o2v5s=w300
com.freecharge.android,"Recharge, Bill Payment, Wallet",Shopping,4.3,842958,"  10,000,000 - 50,000,000  ","November 3, 2016",https://lh3.googleusercontent.com/4WliwRkZI2XSUYPCXRebCaH1T8yjPQBRSRcFhq-zsq9voA5EhLoLGaq4ZM56vhTXh-0Q=w300
com.dominospizza,Domino's Pizza USA,Food & Drink,4.7,838684,"  10,000,000 - 50,000,000  ","April 5, 2017",https://lh3.ggpht.com/1qMAenQQmSAlTGuAU12gb2L6Ka6aX7XP3f3crKg3Sduwed_Lo1wV5taMLih3C0i-mFOs=w300
com.netqin.ps,"Vault-Hide SMS, Pics & Videos",Business,4.4,830123,"  10,000,000 - 50,000,000  ","May 3, 2017",https://lh4.ggpht.com/_lV9mTAwnUQUCdvbv2cAvhUhDrCNv2oVsQqpJI-AOAhOhjMl5hxO4I0kOz7dqqjIYw=w300
org.videolan.vlc.betav7neon,VLC for Android beta,Video Players & Editors,4.3,825963,"  50,000,000 - 100,000,000  ","December 9, 2014",https://lh6.ggpht.com/mjK1zNBXlPn4aGIyuOn3hn5PpdRUjsjrwi32z4NRkPPAAqTuGUI0xMSLAWR7YOo9e0q0=w300
com.aws.android,Weather by WeatherBug,Weather,4.5,824443,"  10,000,000 - 50,000,000  ","May 11, 2017",https://lh3.googleusercontent.com/ZJyyFrBAGTXi2tG2AITFmxYKkvDuHeuuhoxs6xmjMe_-0HIMFR1mlbD2h1rISKmDFZo=w300
com.grabtaxi.passenger,Grab,Maps & Navigation,4.5,769433,"  10,000,000 - 50,000,000  ","May 13, 2017",https://lh3.googleusercontent.com/GXRdOwOm_A-hYcQFVg_qdegTHU7tItKMZVRBPNrqeX3H7KIQMizrtoF6mX8TFQp_r14=w300
com.gaana,Gaana: Bollywood Music & Radio,Music & Audio,4.2,757102,"  10,000,000 - 50,000,000  ","December 10, 2016",https://lh3.googleusercontent.com/JAOKhQ1iAm9_DGoYVztUBd5ooet4X60LkFplRJre1Kcd8kGkmXhi3_1cAenuRIymog=w300
com.arcsoft.perfect365,Perfect365: One-Tap Makeover,Beauty,4.2,753858,"  10,000,000 - 50,000,000  ","April 28, 2017",https://lh4.ggpht.com/ZjnNw1IEkp871A5G_NBU-G2BO_xKDZesGJTHRx4z3Ssrmukv-a_mgqvkJWShE1RqhvU=w300
com.dailymotion.dailymotion,Dailymotion,Entertainment,4.2,753156,"  10,000,000 - 50,000,000  ","February 1, 2017",https://lh5.ggpht.com/7GrrtZqw6TvyafzebVQKzyqQPcTixGZNBuVe2GPU03gZGat8m-ZuUpMXTmjEHCOQr_M=w300
com.google.android.apps.magazines,Google Play Newsstand,News & Magazines,3.9,744623,"  1,000,000,000 - 5,000,000,000  ","May 1, 2017",https://lh3.googleusercontent.com/76AS8vaLwxcJMD5Yd8xW5Dy8AW8lloWa2AkP2cgUdCY6rlzeqcjIvrcxOvq3nNwxmofL=w300
com.eterno,Dailyhunt (Newshunt) News,News & Magazines,4.3,735944,"  10,000,000 - 50,000,000  ","April 30, 2017",https://lh3.googleusercontent.com/Ml7kliqttZzEpXZTHty2LOGyt612poDQ1QoEL6QBoMsK1JyZHlyStKCrjhAxW8Z6e8Nj=w300
com.saavn.android,Saavn Music & Radio,Music & Audio,4.2,720520,"  10,000,000 - 50,000,000  ","December 15, 2016",https://lh3.googleusercontent.com/q6HeT4uJN7O30U9GfUQuYy2UliZF8iFyT8wZIhhp2zlzfSML7v3Y7nU7jgQD27uS2aQ=w300
gbis.gbandroid,GasBuddy: Find Cheap Gas,Travel & Local,4.6,720180,"  10,000,000 - 50,000,000  ","May 11, 2017",https://lh3.googleusercontent.com/62tQDMccMnmka6e79-ewvsDidtM6XhZflIYMTklBFozxFMnedLune9tHsK8ZXF4y0To=w300
com.runtastic.android,Runtastic Running & Fitness,Health & Fitness,4.5,707727,"  10,000,000 - 50,000,000  ","May 11, 2017",https://lh3.googleusercontent.com/WGA8OfCx5yaJcwrT_fiiZloER-EakiodfeFpRoAba2_X9bnB5_iUeAVHgJZdV6qKJqsq=w300
com.famousbluemedia.yokee,Karaoke Sing & Record,Music & Audio,4.2,688492,"  10,000,000 - 50,000,000  ","November 9, 2016",https://lh3.googleusercontent.com/E_5oOSE7y3ObQCiNapVfmHI0M_Q37lOtL5FrX6e5oGvxU6eCs_Jnt5x2jeToHvenU9c=w300
com.fungamesforfree.colorfy,Colorfy - Coloring Book Free,Entertainment,4.6,685297,"  10,000,000 - 50,000,000  ","April 4, 2017",https://lh3.googleusercontent.com/NIZIsh4QBLQxR-gdXDvI6rQC9bCWeX_YiFSqF2EzG1atoZ4bS2O7CGDBUFNGPDF_cQ=w300
org.jw.jwlibrary.mobile,JW Library,Books & Reference,4.9,683297,"  10,000,000 - 50,000,000  ","May 8, 2017",https://lh6.ggpht.com/53MOlebCzGyoUXApCOgHhr1BLAGsPtbiN7fEH4EC3DGwINuKKODT2U1utFGfIdwrlHo=w300
com.olacabs.customer,Ola cabs - Book taxi in India,Maps & Navigation,4.0,682790,"  10,000,000 - 50,000,000  ","May 11, 2017",https://lh5.ggpht.com/4rrRCFJo4GSxHBON0M8OIwKNfT6b5zOA20fMniJKaeU3CUylFA9i6vazeazxKwZU6Ng=w300
com.bitsmedia.android.muslimpro,Muslim Pro: Prayer Times Quran,Lifestyle,4.6,679536,"  10,000,000 - 50,000,000  ","December 8, 2016",https://lh3.googleusercontent.com/mhSbWFuUqleCFyjsAVMmY2xZceXtbP0Titc_NJYXpI4Au7M5KIGVN7fobsX0mXmqQBI=w300
com.wwe.universe,WWE,Entertainment,4.5,666939,"  10,000,000 - 50,000,000  ","May 12, 2017",https://lh3.ggpht.com/b1GoSE4BoDrga0duPETas3XN22Z11HSh0xYHpWPH8z8VA-IZGlwp4ymr76GSX1p8CjAX=w300
com.outfit7.talkingpierrefree,Talking Pierre the Parrot,Entertainment,4.2,652377,"  50,000,000 - 100,000,000  ","June 9, 2015",https://lh3.ggpht.com/pMBG3-e0Gr5KYHvu1eUNlclt_LNNzrbweI8bUtR-APobdAEgmWoGLt4r10f-yxda0Q=w300
com.memrise.android.memrisecompanion,Memrise: Learn a new language,Education,4.7,647602,"  10,000,000 - 50,000,000  ","May 12, 2017",https://lh3.googleusercontent.com/ITcbuuRqSa4A4Fz2EeY9k7m_g3S2pndgBqE91LcuY2LT5IRdxuNNsCqD0rznVdOyrMEK=w300
com.avito.android,Avito,Shopping,4.4,642791,"  10,000,000 - 50,000,000  ","November 20, 2016",https://lh6.ggpht.com/9cYIt_qKV9R9tyM6642ogNsrZ73jCL1jDdNOYNqP0rfrhl-5msKjOEJc0H4NmqY_vg=w300
com.cricbuzz.android,Cricbuzz Cricket Scores & News,Sports,4.4,637022,"  10,000,000 - 50,000,000  ","May 11, 2017",https://lh5.ggpht.com/3z09fC48t4igPsjnohFu1Zbm1POROtwBRR4pAC4ZpDR5ZCyf0xIx3e3oHAZjdhivgQ=w300
com.maxxt.pcradio,Radio Online - PCRADIO,Music & Audio,4.7,636858,"  10,000,000 - 50,000,000  ","July 11, 2016",https://lh3.googleusercontent.com/dUd1N1mqdwNFW1OLcg2B2dU_HgbK9bBoF8EZOlVMmdUF8g7fvQSKZf-T3dWsCQa29yM=w300
org.videolan.vlc,VLC for Android,Video Players & Editors,4.4,634498,"  50,000,000 - 100,000,000  ","August 12, 2016",https://lh3.ggpht.com/8BDSUv0P-kr9Kik7weOSet4Au_BlBpM0SmM8dUDdYQOceErGCLroJlhVoSL7cPP14YE=w300
com.mobisystems.fileman,File Commander - File Manager,Business,4.2,633666,"  50,000,000 - 100,000,000  ","May 9, 2017",https://lh3.googleusercontent.com/yB3IhErb2ru0Ez9vO3DH2-RtfXzVOJofsfiXCkCwyaBv5WZi3iayXIVpZdus7Q_W1jI=w300
com.abtnprojects.ambatana,letgo: Buy & Sell Used Stuff,Shopping,4.4,617181,"  10,000,000 - 50,000,000  ","May 12, 2017",https://lh3.googleusercontent.com/NXzd9MBKGL6__sBs2uTOLsYrH2hO0-jxvJacKdjnW8t8WzFRyhHK6BNu9WLeygR_zQ=w300
ru.dublgis.dgismobile,2GIS: directory & navigator,Travel & Local,4.5,614521,"  10,000,000 - 50,000,000  ","November 28, 2016",https://lh3.googleusercontent.com/inWAzwU4SZO4mmypWEElzT6oMbbFQ1FWIu6-YO-Uj-kaqwON3VOE0KplrZNNJUKMHyU=w300
com.myntra.android,Myntra Online Shopping App,Shopping,4.1,605738,"  10,000,000 - 50,000,000  ","December 15, 2016",https://lh3.googleusercontent.com/J_IPZOnXakLkFCxbOC6tKcvtUbuI7WSkvjoRQh9-QjZV4o0cVSe1TzfaewGi_2f5RQ=w300
ru.yandex.yandexnavi,Yandex.Navigator,Travel & Local,4.2,586238,"  10,000,000 - 50,000,000  ","December 9, 2016",https://lh5.ggpht.com/_vR4Gs7r5OSMwHIRTl3zbEuC38wdC4Kl73nury0S9ta_42rUyldODnQg9rJaa1WwHYE=w300
com.myairtelapp,"My Airtel: Recharge, Pay Bills",Shopping,4.2,576033,"  10,000,000 - 50,000,000  ","November 15, 2016",https://lh3.googleusercontent.com/jF_YHk3-P7r6uGyjaSpW4umJnwB6gm73A2IiBoN4Z45FbQDw62Z9cEn504qaVlsczQ=w300
com.scores365,365Scores - Sports Scores Live,Sports,4.6,566657,"  10,000,000 - 50,000,000  ","May 12, 2017",https://lh3.googleusercontent.com/0lZ00BlZHQilVVobXR3hPnFN1ZjasMz1q5zbN5MnWSV_aEFHD1_65NUY4e3igrtuD9g=w300
com.paypal.android.p2pmobile,PayPal,Finance,4.3,562117,"  10,000,000 - 50,000,000  ","April 11, 2017",https://lh3.googleusercontent.com/vIJ7bv0rBwc3IdHaocUXloyLhJR6_vGhpwQGpXMR3ZD8dK_OnXpzPgb2FSpXnol-QipG=w300
org.wikipedia,Wikipedia,Books & Reference,4.4,543823,"  10,000,000 - 50,000,000  ","April 24, 2017",https://lh5.ggpht.com/1Erjb8gyF0RCc9uhnlfUdbU603IgMm-G-Y3aJuFcfQpno0N4HQIVkTZERCTo65Iz2II=w300
com.indeed.android.jobsearch,Indeed Job Search,Business,4.2,537073,"  50,000,000 - 100,000,000  ","May 9, 2017",https://lh3.googleusercontent.com/jj2z8DZ-Z5rV-Y4IY0ZklkuPjCchjeeisflFD0dU_zlJNpbUJkDTQpAMlc5rwutKFSU=w300
com.CultureAlley.japanese.english,Hello English: Learn English,Education,4.6,536341,"  10,000,000 - 50,000,000  ","May 12, 2017",https://lh3.googleusercontent.com/JRwCLQq9E3hWs7ByM-hN9uErOdM5hoxCtvSaSCCiiDs95lBN99lnAZfjdWfoqUYJZI4p=w300
com.quikr,Quikr Free Local Classifieds,Shopping,4.2,534674,"  10,000,000 - 50,000,000  ","December 8, 2016",https://lh3.googleusercontent.com/l5vy1ANtkBFog57kFEGOtPKYH7HDhnUFePivRBa3LbyzgqohMGEMfQOkYCRu-gQgRQ=w300
com.movisoftnew.videoeditor,Video Editor,Video Players & Editors,4.2,526809,"  10,000,000 - 50,000,000  ","September 30, 2016",https://lh6.ggpht.com/R3Pu6hy-QCAQjb5ZSbQz55ni-izrlcBw6QA3GUcY1KshwOc99BJrUCIsz6-tDRCeXQ=w300
com.life360.android.safetymapd,Family Locator - GPS Tracker,Lifestyle,4.4,526424,"  10,000,000 - 50,000,000  ","May 8, 2017",https://lh3.googleusercontent.com/6e7UuLA7RATt1aXF3t4dYgul0M2K9YjXKJl9tjmySbduH2t3wMcf8uPsQnQR-AVHlkK1=w300
com.mobikwik_new,"Recharge, Bills, Wallet, Bus",Lifestyle,4.2,525730,"  10,000,000 - 50,000,000  ","December 13, 2016",https://lh3.googleusercontent.com/8d_0ocf5k7tsdDPMEA91J3S_JCu0uJJgo5ijlPMERNUsai378yAwWiHNVRBtbFK5Pxs=w300
com.myboyfriendisageek.videocatcher.demo,AVD Download Video,Video Players & Editors,3.9,521567,"  50,000,000 - 100,000,000  ","July 18, 2016",https://lh5.ggpht.com/9lk42Czws4qt2T80keE-UyDd7xzOX_WktKjFA2ZIW5FIhY8Tu77iFGQK6OQ4unRDubE=w300
com.bestweatherfor.bibleoffline_pt_ra,Bible Offline,Books & Reference,4.7,519494,"  10,000,000 - 50,000,000  ","March 28, 2017",https://lh3.googleusercontent.com/epvRf6SmAVMy5oim7-dyeUxTrHeAfqB7nl1JWk_mOPTeVUDOVm-BIGiH_RPkXEW0XFk=w300
com.google.android.stardroid,Sky Map,Books & Reference,4.5,505477,"  50,000,000 - 100,000,000  ","September 27, 2016",https://lh4.ggpht.com/4VGiZutofCjs_wEC3BOuFPXysyF-ClYDTa40F3qK-GhKcISkWFFpRiBFmD8HPDTrElQ=w300
com.infraware.office.link,Polaris Office + PDF Editor,Business,4.3,483604,"  10,000,000 - 50,000,000  ","April 25, 2017",https://lh3.googleusercontent.com/Z_X45DsPMlcBL4wQFYlpi8Ch3eHipzF0so-SgK9IQa1ws1haFsGT1Wd5YG5wqIpo7F5-=w300
com.northpark.drinkwater,Water Drink Reminder,Health & Fitness,4.6,473780,"  10,000,000 - 50,000,000  ","May 9, 2017",https://lh3.googleusercontent.com/SCmr-dMoWO87u4m1W05r8Myc6f0XVuzIN51eKIbHeTmIIGiC8QVMkxV5XZL8fyJZSHN1=w300
com.joelapenna.foursquared,Foursquare City Guide,Food & Drink,4.1,473223,"  10,000,000 - 50,000,000  ","April 14, 2017",https://lh3.googleusercontent.com/81tvpT59weJbOGWT9jQ8_9RtcGXKCcVv59BU7Wl6PnS7okIgrS4iTCgwWpPQY2FRKw=w300
com.handmark.expressweather,1Weather:Widget Forecast Radar,Weather,4.5,469971,"  10,000,000 - 50,000,000  ","April 6, 2017",https://lh3.googleusercontent.com/SNNEHkP6Af0AJj02WLotJJvZlW11BAtPduudooJJE_Af4g6yhvBMYNb9hyBR8-f-Nw=w300
com.toi.reader.activities,News by The Times of India,News & Magazines,4.2,462535,"  10,000,000 - 50,000,000  ","December 14, 2016",https://lh3.googleusercontent.com/2PxIjDUg0-9oe3jL0BVNn9WsPqixcTtT_9su5E48j7PB84oLSTY2_-GqPjoipldKTY3v=w300
com.apalon.weatherlive.free,Weather Live Free,Weather,4.4,462414,"  10,000,000 - 50,000,000  ","March 2, 2017",https://lh3.googleusercontent.com/Zv4E3XiVZJTuqOsweQ2eH7mIVDKV94INjPr6vV_jSSGPZoXDQURtBO_yMiJ1wkQmkw=w300
com.fitnesskeeper.runkeeper.pro,Runkeeper - GPS Track Run Walk,Health & Fitness,4.5,459706,"  10,000,000 - 50,000,000  ","May 3, 2017",https://lh3.googleusercontent.com/Jr5hupexy5Asbj56BkV3qZfxfClpnRrKLpTOIaFoa5JV3W2WSXtReVHndK5MYgboephi=w300
com.xcs.fbvideos,Video Downloader for Facebook,Video Players & Editors,4.2,443558,"  10,000,000 - 50,000,000  ","September 23, 2016",https://lh3.ggpht.com/CnijAho_CSq6ZXsq48baSWT5C8XXyc2hzOiWolrjLvOeF5RhXF-oaDXt39e_yDkzTpEs=w300
com.tranzmate,Moovit: #1 Transit App,Maps & Navigation,4.3,443268,"  10,000,000 - 50,000,000  ","December 12, 2016",https://lh3.googleusercontent.com/UVKcWAC_p7NicUQlnhuYqYGG8u8CoIcb9FsYTlKrQCxNMu5YRlcfxcxyGTJ57lY85i4=w300
com.endomondo.android,Endomondo - Running & Walking,Health & Fitness,4.5,437765,"  10,000,000 - 50,000,000  ","April 28, 2017",https://lh3.googleusercontent.com/FstaxHOtfmbvqkyPHnZBDHw3gWYuemUpLmkNOZ4wvHk6R-xviMvENFr4Ccga5xzh2B8=w300
com.zgz.supervideo,Video Player for Android,Video Players & Editors,4.2,436158,"  10,000,000 - 50,000,000  ","September 5, 2016",https://lh5.ggpht.com/s2AbtzLBqUp0Te1e4GqAj6elLdjGh9EYtZGubIyVkqSrTD5lAPJMhUZlYFxuhHhLug=w300
com.ilmeteo.android.ilmeteo,the Weather,Weather,4.3,435367,"  10,000,000 - 50,000,000  ","November 29, 2016",https://lh3.googleusercontent.com/_4W2ZztUDe7Uos4-LlALeRumOtEH3wnhxRCcWBgQpfTaoK0lj7muaAY-XvWDHY6ivPA=w300
com.adpog.diary,Diary with lock,Lifestyle,4.4,425078,"  10,000,000 - 50,000,000  ","July 18, 2016",https://lh3.googleusercontent.com/4G_TQhk7reBXqq9rpJXGbZJxcUZAXI4I4qk59ERDVPSkd2jIFqhdyehxJ3MwpAT3l8nb=w300
de.motain.iliga,Onefootball Live Soccer Scores,Sports,4.6,420726,"  10,000,000 - 50,000,000  ","May 11, 2017",https://lh3.googleusercontent.com/dPit7g-1fI1dTw_pVukGkAfOedN32HQcY_9npltSx54wYOspwX0SZKNdIGLcCmkVOvQ=w300
br.com.escolhatecnologia.vozdonarrador,Narrator's voice,Comics,4.4,406435,"  1,000,000 - 5,000,000  ","May 3, 2017",https://lh3.googleusercontent.com/6H88ViU1rPDU7OwXUWexLpa75D1LKjhepdWtKrL09goFeEFw30jV0vbkZzKQ-9ku3w=w300
com.gotv.nflgamecenter.us.lite,NFL Mobile,Sports,4.1,403591,"  50,000,000 - 100,000,000  ","May 3, 2017",https://lh3.googleusercontent.com/sh3xWtVZ4yk1-w8bbnyqMtRMU7_NxdKhC88FS4YB-YOsdeQ9zmLhL-9wANwhTj40dcbr=w300
com.merriamwebster,Dictionary - Merriam-Webster,Books & Reference,4.5,401072,"  10,000,000 - 50,000,000  ","April 25, 2017",https://lh6.ggpht.com/dyiHgxZowtgJLfiCIoZA1V_duEiGo7jD23VNuoNj-yA9nFP6xh3khIKXev6p9z4JEuw=w300
br.com.brainweb.ifood,iFood - Delivery de Comida,Food & Drink,4.6,399162,"  10,000,000 - 50,000,000  ","May 4, 2017",https://lh3.googleusercontent.com/_5apbgvT9zBMWSg63qHTnrKuS90DnupPwmGsskaCK9TgxBExIKx4kdgzASvLxhbTFA=w300
com.scribd.app.reader0,Scribd - Reading Subscription,Books & Reference,4.3,395421,"  10,000,000 - 50,000,000  ","May 11, 2017",https://lh3.googleusercontent.com/oYxXTZyLHzfXW7WbQfJwrQpDjcf7G-G799wimEhTMsdo6_wPXtjeHGqcq90b64gN6ZA=w300
com.audible.application,Audiobooks from Audible,Books & Reference,4.4,395037,"  50,000,000 - 100,000,000  ","May 9, 2017",https://lh3.googleusercontent.com/7uRfJe2KkpKxZuMvY4OjhIq-TJrMeHgWYQt0H7LHZl4WNDAYjI6FFrLSsLhj2g8cqKr5=w300
fr.telemaque.horoscope,Horoscope,Lifestyle,4.6,394721,"  10,000,000 - 50,000,000  ","December 5, 2016",https://lh4.ggpht.com/GvOf6sCw_N76QIsL-yrvyEA2_weW-x5BrBRLqpZpzSeUUmh373j6M-sB9atzOSYrBNs=w300
info.androidz.horoscope,Daily Horoscope,Lifestyle,4.6,386782,"  10,000,000 - 50,000,000  ","May 14, 2017",https://lh3.googleusercontent.com/t2Cl2LLsjSU4ZhVW_TyO4JNp6HLM0c8H2-nhKPd31YzcGk6tvUCFd8mdRDeMnRKKJdw6=w300
craigs.pro.plus,cPro Marketplace,Lifestyle,4.5,380501,"  10,000,000 - 50,000,000  ","April 12, 2017",https://lh3.googleusercontent.com/KR6cDmxy4Q62eRlxIMdomH7_1XdKCEuzV4CdzGZ3LUDVx15DcqwmUMSIB6TH1OmbTQ=w300
com.andrewshu.android.reddit,reddit is fun (unofficial),News & Magazines,4.7,375316,"  5,000,000 - 10,000,000  ","December 13, 2016",https://lh3.googleusercontent.com/JRMTXs_6vOKWvEBMkUUILo6h5DzkGqmkphwCT_bki_pNSkks7QEZM5-WbJcmC5XM7EQ=w300
com.here.app.maps,HERE WeGo - Offline Maps & GPS,Maps & Navigation,4.4,374567,"  10,000,000 - 50,000,000  ","May 3, 2017",https://lh3.googleusercontent.com/v9HYZJycsal-mKM2U4Q756EE-bh6m0254fLl27bSWrWxolEFUEzyEdkLWL_oB17lHwU=w300
com.popularapp.sevenmins,7 Minute Workout,Health & Fitness,4.5,369055,"  10,000,000 - 50,000,000  ","April 28, 2017",https://lh3.googleusercontent.com/PJ_L-MMKcmzyR7OvZvlH_3tHs7NVo1MhZeXVSTkAwqITqRXFf991FSvc5xFrprOAfg=w300
com.idmobile.horoscope,My Horoscope,Lifestyle,4.5,368971,"  10,000,000 - 50,000,000  ","December 8, 2016",https://lh5.ggpht.com/iPmSm-phkmqUWDmC8uy4cMCiNUyfGfV8fIMrC0ucoT_g-ACsLqm6pzpimUWpo5fE4vA=w300
com.mobilesrepublic.appy,News Republic: Breaking News,News & Magazines,4.3,368325,"  10,000,000 - 50,000,000  ","May 14, 2017",https://lh3.googleusercontent.com/Tw0y51K74O5GFuO2KpHHckSOAcgT--88wwmLGCBwkJS8BnRlhVBk87gsk6XJcPrcOj43=w300
com.babycenter.pregnancytracker,Pregnancy & Baby Daily Tracker,Parenting,4.6,367988,"  10,000,000 - 50,000,000  ","December 13, 2016",https://lh3.googleusercontent.com/-p2QQa3Y_75fBXbetPzrArYDJ0JWBowlDRtfeBiOokURFm9QiyGdsWjNuWJRTyiwrg=w300
com.zillow.android.zillowmap,Real Estate & Rentals - Zillow,House & Home,4.5,367579,"  10,000,000 - 50,000,000  ","May 10, 2017",https://lh3.googleusercontent.com/aGHZSx4stxSgNSNEWS7-rNvRnWneqq90bnxDb14wgchXwN82iQO-Aiak2XWVng56PVU=w300
net.skyscanner.android.main,Skyscanner,Travel & Local,4.5,347623,"  10,000,000 - 50,000,000  ","May 10, 2017",https://lh3.googleusercontent.com/i-tNF11-p1xLJ-w3VFwypHC9eczPuuRKo6fXTDgUXfgqMpofuFVdJdu6JycrhxrpsA=w300
mmapps.mirror.free,Mirror,Lifestyle,4.1,346630,"  10,000,000 - 50,000,000  ","September 30, 2016",https://lh4.ggpht.com/pbhoJTrSSgztqZurWzcxYZcWHalUF8wEURU15cbidb_hTzbFD4HpnlQZAmbEdgvtM-U=w300
br.com.easytaxi,"Easy - taxi, car, ridesharing",Maps & Navigation,4.4,343422,"  10,000,000 - 50,000,000  ","December 12, 2016",https://lh3.googleusercontent.com/Vr1Rnu8CuL6HjMdZFDJ2c3Q4tR5YQKOWL8Ft1DNbgQDrY_qO-XOAX-J7CLU_gvnLlQ=w300
com.yelp.android,"Yelp: Food, Shopping, Services",Travel & Local,4.3,341123,"  10,000,000 - 50,000,000  ","May 11, 2017",https://lh4.ggpht.com/F0F4Z965uf3psiHu5h77e-8o-Yla68BEaJI8xLfK-V3JkMK4yQv1WLqqZQCwYhDevKoa=w300
com.caynax.a6w,Abs workout,Health & Fitness,4.2,333079,"  10,000,000 - 50,000,000  ","May 12, 2017",https://lh3.googleusercontent.com/X-h9F3IY0NG-bgd_H5QvQ4TxI9mGq-FshUx8FV5C0-RW3gOOVTVcWPOK6goKYMB9FDQB=w300
com.enlightment.appslocker,App Lock,Business,4.4,332529,"  10,000,000 - 50,000,000  ","April 2, 2017",https://lh4.ggpht.com/igZpAHNCpmIGzFtsqQYMQBaguRINyJnXaqolGa3b8d4AeNSlTJ7dZVMgOo6m1IbgulE0=w300
com.mobilefootie.wc2010,Soccer Scores - FotMob,Sports,4.6,331235,"  10,000,000 - 50,000,000  ","May 13, 2017",https://lh6.ggpht.com/Lp1vxT8QfbbJ_-UNSU9_AUpCzg3ekf1hfiKs9zjadSKM3Jlbk2eUPps41GVlzWV-Xzw=w300
com.elift.hdplayer,HD Video Player,Video Players & Editors,4.2,328650,"  10,000,000 - 50,000,000  ","August 11, 2016",https://lh6.ggpht.com/TFWy-gic9BggNcNj8Tv-m1IQ4gTvuqxosmPrlzCYmtaeCKFrvZOMi4W17tNY9hsbJQ=w300
jp.ne.hardyinfinity.bluelightfilter.free,Bluelight Filter for Eye Care,Health & Fitness,4.3,325301,"  10,000,000 - 50,000,000  ","May 12, 2017",https://lh3.ggpht.com/Vz4SgwPen8HHG2UpMFqto8LzXEMYKy0g0ulmmpbhKSFUBmXYIiHOCoZRrZSPCdngmVU=w300
com.theronrogers.vaultyfree,Hide Pictures &Videos - Vaulty,Video Players & Editors,4.6,319665,"  5,000,000 - 10,000,000  ","February 24, 2016",https://lh4.ggpht.com/trc3pkiTt-Y6JX2uxJqEoIRdMy-Nzw-99TMXZpRPmx8s0ZqU_I2GFiUwUydwJTpKtXxD=w300
com.bambuna.podcastaddict,Podcast & Radio Addict,News & Magazines,4.6,316772,"  5,000,000 - 10,000,000  ","May 14, 2017",https://lh3.ggpht.com/Ir3L-1PAemiOTcip460Hmft_fPecwVU_PTOwkvYDXtqZMHKq5wbCVRaMfa7vRMLKMpY=w300
com.exovoid.weather.app,Weather XL PRO,Weather,4.4,316155,"  10,000,000 - 50,000,000  ","May 10, 2017",https://lh6.ggpht.com/5ezl1ZJf8Cia_zb2jLuK8GwY_LsRKhfgnwTqyUqydzfBjaQ1fC3e6f_7VXO1cS00acGf=w300
com.microblink.photomath,Photomath - Camera Calculator,Education,4.5,314891,"  10,000,000 - 50,000,000  ","May 11, 2017",https://lh3.googleusercontent.com/wo2ckFlG2lwwo4AENLALoVLasjEEZz8jjMw--6GtdAcMhmaCjJkkry_FYhHO1t2OHA=w300
com.reddit.frontpage,Reddit: Top Trending Content,News & Magazines,4.5,309271,"  5,000,000 - 10,000,000  ","May 3, 2017",https://lh3.googleusercontent.com/J41hsV2swVteoeB8pDhqbQR3H83NrEBFv2q_kYdq1xp9vsI1Gz9A9pzjcwX_JrZpPGsa=w300
com.houzz.app,Houzz Interior Design Ideas,House & Home,4.6,308092,"  10,000,000 - 50,000,000  ","May 4, 2017",https://lh3.googleusercontent.com/Ng-T7CqnUoAMHEDcFCWtRHsuTZgBRZ6rurKWcxjmx59cUdxpqQz3GGolS0c2-Xjxfcfk=w300
livio.pack.lang.en_US,English Dictionary - Offline,Books & Reference,4.4,304153,"  10,000,000 - 50,000,000  ","April 9, 2017",https://lh3.ggpht.com/SgsthPQc0OTS99gIBe3V3Pyli0kigGbhwIZIIFDWS1I87AORHzsSCsLR8a9NefehPQ=w300
de.wetteronline.wetterapp,Weather & Radar,Weather,4.5,300589,"  10,000,000 - 50,000,000  ","March 24, 2017",https://lh3.googleusercontent.com/i7ghXHOgtwiaZXY2atvQghKIeptf2GLiVkWjZ31wexbFUQL9tWAjn1tK41hqy3x2cjs=w300
com.martinvillar.android.quranindonesia,Al'Quran Bahasa Indonesia,Books & Reference,4.6,300423,"  10,000,000 - 50,000,000  ","October 6, 2016",https://lh5.ggpht.com/KBam1Cqy7kt_Zsc9EHWXVHNMF5xq_qfU-aCFXjwopjLGqb0-0oC5F28vj8vm_7Y6j8k=w300
example.matharithmetics,Math Tricks,Education,4.5,295556,"  10,000,000 - 50,000,000  ","January 19, 2017",https://lh3.googleusercontent.com/AQhHRoIEhdwYTuyU_49XUSsWRULogHXWIxAvByP_euSwB2y5BxLRoafhHAOtb3axz4s=w300
com.fifa.fifaapp.android,FIFA,Sports,4.1,291941,"  10,000,000 - 50,000,000  ","April 12, 2017",https://lh5.ggpht.com/UAdECzlRfLxiae176HK_U-F_tITgAK8jX1Mud_sgtmgubIM28mj1KOa_9KDBTp4Ejw=w300
si.modula.android.instantheartrate,Instant Heart Rate,Health & Fitness,4.3,285710,"  10,000,000 - 50,000,000  ","February 14, 2017",https://lh4.ggpht.com/9RO4dUgbzMpt2gU4b4lN0tHxpxUkphsl5hdlARZ42xx18Ob1vsKOtJGVyIjfYnn8iA=w300
com.csam.icici.bank.imobile,iMobile by ICICI Bank,Finance,4.3,284525,"  5,000,000 - 10,000,000  ","December 2, 2016",https://lh5.ggpht.com/Hc8vNA4SOZwg5HMnBiwJLMT3tLYll54D994uZG7GeJYBtMEa2zHk8hNywTJZqpwWTg=w300
com.period.tracker.lite,Period Tracker,Health & Fitness,4.5,283566,"  10,000,000 - 50,000,000  ","October 8, 2016",https://lh4.ggpht.com/3NneKQ51rekn6NVjrlQ2z16833MTw253i70YnQXug_GRj0rkbS6NWC3GMdzmEwvQBQ=w300
com.wunderground.android.weather,Weather Underground: Forecasts,Weather,4.5,281648,"  5,000,000 - 10,000,000  ","January 20, 2017",https://lh3.googleusercontent.com/_t5NFGAfxJkQV-UEtd3n1sEYT2Uzfmyjxg0M-JF3hKRf4bSR_jtKL4bbQn2WUi6nNyZi=w300
com.mobisystems.msdict.embedded.wireless.oxford.dictionaryofenglish,Oxford Dictionary of English,Books & Reference,4.0,281104,"  10,000,000 - 50,000,000  ","May 3, 2017",https://lh3.googleusercontent.com/KdsMVlY-Qub9gM5LsOonJyNAHsF_4JlfWdIat9M3yaUc1sFmjD_oBy_1DDQma3L415Y=w300
air.WatchESPN,WatchESPN,Sports,4.1,277752,"  10,000,000 - 50,000,000  ","March 27, 2017",https://lh3.ggpht.com/FRgzeJBgHSwyPxVVWrIgPIbZYL7VcPcUD70FLDJFgqL6E7zdKMVWCW35OGtAzUkrng=w300
com.devhd.feedly,feedly: your work newsfeed,News & Magazines,4.5,277625,"  1,000,000 - 5,000,000  ","September 7, 2016",https://lh3.ggpht.com/NNS6OGOetsyYa0hhXTItJ7aCNljIKLD8uLibF5qdEBq_m7kHhK091KXZBVk7JzrfPw=w300
cc.pacer.androidapp,Pedometer & Weight Loss Coach,Health & Fitness,4.5,277516,"  10,000,000 - 50,000,000  ","November 17, 2016",https://lh5.ggpht.com/uvfphNTJrNMeehlDX_zZXLeqhXPOdPuK2x5v0JuVHXAm9GfAOV0QHhPy34ChPiAMDr52=w300
codeadore.textgram,Textgram - write on photos,Art & Design,4.4,270594,"  10,000,000 - 50,000,000  ","February 13, 2017",https://lh3.googleusercontent.com/JyKvp4YfLfODZml0aT3zNN-R7zOeaGUQ-wrvSz6pGA7SfPwlfYVuGcXwKwiokbP9wcU=w300
com.gn.android.compass,Compass,Maps & Navigation,4.3,266062,"  10,000,000 - 50,000,000  ","August 8, 2016",https://lh3.googleusercontent.com/oZoSkK1Um9oVXaMGRE6zGWrYIqrtcSmGav9wMO_-xcT7Lrfeo8K9L4Y1LQCF1ujXzm4=w300
com.livescore,LiveScore,Sports,4.4,264293,"  10,000,000 - 50,000,000  ","February 14, 2017",https://lh6.ggpht.com/s8-JHQ1E4zGF_cs0vbaBFaH4of4fR9uswCPBXZX_ZJEHTHPhyXGv1kW4Ep9js7cfCs0=w300
com.yum.pizzahut,Pizza Hut,Lifestyle,4.3,261413,"  5,000,000 - 10,000,000  ","December 15, 2016",https://lh3.googleusercontent.com/Fw_1wvY4YHSxdHQAlVM7-VsmXo87qgcsxAgQR7GFpSF3tmDa_3UmKtgaS-ln27XIXzE9=w300
com.okcupid.okcupid,OkCupid Dating,Dating,4.1,257337,"  10,000,000 - 50,000,000  ","May 11, 2017",https://lh3.googleusercontent.com/8EViHuRt1bABogN1TLPTLodjodJvRDF7QfSpoMkxgdIYe49068lfRgdNh9qWT8Ku7Ls=w300
com.thechive,theCHIVE,Video Players & Editors,4.4,256245,"  5,000,000 - 10,000,000  ","December 13, 2016",https://lh3.googleusercontent.com/P0x4AvZkac3SgJRZ2aFg5fwCu7QdtFySgZpCVK-iE5DiL1pze2RJEvwu_66tIvLHEc4=w300
com.irctc.main,IRCTC Connect,Travel & Local,4.0,255477,"  10,000,000 - 50,000,000  ","November 30, 2016",https://lh6.ggpht.com/w508mYnDUFsbRYV8ca9Lp9X3ctpdhqZ0GR7rAgwZt1huidbfvcF4hgSq4qcH6kkWKq8=w300
com.tfd.mobile.TfdSearch,Dictionary,Books & Reference,4.5,253140,"  10,000,000 - 50,000,000  ","April 17, 2017",https://lh3.googleusercontent.com/kqztjsu3NMKR5WoLHLqM0KTfYlY4Ex5uk7xr7rzct2ram4pJDDICkhSVm88-L6TdGXo=w300
ch.bitspin.timely,Timely Alarm Clock,Lifestyle,4.4,251490,"  5,000,000 - 10,000,000  ","February 5, 2015",https://lh5.ggpht.com/j_desuUSq4M0FnHfgG3dMSIapws2HuquyuSUGBE29CtyaF2-oZtaQGLo3yaLd0vQcA=w300
ru.mw,Visa QIWI Wallet,Finance,4.4,251349,"  10,000,000 - 50,000,000  ","April 14, 2017",https://lh3.googleusercontent.com/A2dInArbPtjiFVofZub_4OZRqNM0QOgvZbGHEZZt52ij2sui8PUiL9_XzJGkBYza0g=w300
bbc.mobile.news.ww,BBC News,News & Magazines,4.3,250512,"  10,000,000 - 50,000,000  ","May 11, 2017",https://lh3.googleusercontent.com/Iip-8Yn3PLAzecCMb4ZaHTvFObl3ETUWZmd5zLflhbB6BXKyNc5aM4hrGAA9NXSs7i0=w300
mobi.infolife.ezweather,Amber Weather - Local Forecast,Weather,4.4,249751,"  10,000,000 - 50,000,000  ","May 9, 2017",https://lh3.googleusercontent.com/mSn9_15xvTl4tgfT5NQeytpdO4MfsdyCDezMLphIY5j2dFITrlKcpGuIVCinFxepZ2w=w300
com.urbandroid.lux,Twilight,Health & Fitness,4.6,249682,"  5,000,000 - 10,000,000  ","March 31, 2017",https://lh3.googleusercontent.com/epcdqdS9mHndyyGKq-vSfLRSFTaszIYAWiVHc7tRFQYRkQIe7ismsiIr3xLjwRy2-sg=w300
com.ideashower.readitlater.pro,Pocket,News & Magazines,4.5,248125,"  10,000,000 - 50,000,000  ","December 15, 2016",https://lh3.googleusercontent.com/6X9Vjq1kCU2i1LEGe6z6t2gKXTDLoMpCPB9eZL-CDD-S8p4geamZroJpsBD6OnjkIzQ=w300
HinKhoj.Dictionary,English Hindi Dictionary,Books & Reference,4.3,246778,"  10,000,000 - 50,000,000  ","November 14, 2016",https://lh3.googleusercontent.com/xP7d0LlUDHY6PsAvOxGgiPolBNbQIY66arbVckF_hhV9ibK4VfENHqkOGQFDVyLNQA=w300
com.application.zomato,Zomato - Restaurant Finder,Food & Drink,4.3,241967,"  10,000,000 - 50,000,000  ","May 5, 2017",https://lh3.googleusercontent.com/Bh3kbn_o26KrunEL1wsLZ6nEi0x8ims9SRruWM7hzHiq_7KAP3cN02G6WeXImM8YbBZk=w300
com.lingualeo.android,English with Lingualeo,Education,4.7,241920,"  5,000,000 - 10,000,000  ","December 15, 2016",https://lh3.ggpht.com/NtXn4ysVlOER3wduXu3mVf5Was2IkpghEnICnzhiOLG8B65dikSwylWpW4vpfMHuwoA=w300
com.hitwe.android,Hitwe - meet people and chat,Dating,4.2,235460,"  10,000,000 - 50,000,000  ","May 12, 2017",https://lh3.googleusercontent.com/ukkJoisjdgwy_9yWOXAdnLgHsh6Y5Rf59YTvWrguID5bD19-QqL3Ll9cQbDOOCVic5V5=w300
sun.way2sms.hyd.com,Way2 ( Way2SMS Free SMS ),News & Magazines,4.1,233478,"  5,000,000 - 10,000,000  ","July 11, 2016",https://lh3.googleusercontent.com/aqoyuamxef5lrO0J0BLUUpq6lpe3tB9usAVWZevS1AHNaEeqOyqi1bmg_8CuczoXHp7W=w300
com.mobond.mindicator,Mumbai Local Train Timetable,Travel & Local,4.5,232322,"  5,000,000 - 10,000,000  ","November 9, 2016",https://lh3.googleusercontent.com/gJPXtrU26jYCJaVJ_xDo3P72s9VWfX0HJsXLukJQ5Sv7JwubuzpYFgtUEP232wEs6OQ=w300
com.google.android.apps.genie.geniewidget,Google News & Weather,News & Magazines,4.1,230710,"  100,000,000 - 500,000,000  ","December 14, 2016",https://lh3.googleusercontent.com/fnqDFUD0zN_T1rR-4fyiCGsn6-MVE3azzA6fgMZN5xmsNIvpNQ7NbG0sXNGovftaQhb6=w300
com.cnn.mobile.android.phone,CNN Breaking US & World News,News & Magazines,4.0,230690,"  10,000,000 - 50,000,000  ","November 22, 2016",https://lh4.ggpht.com/m05SBF4omSJbBy-EnPClGH_yAVvgAn6wr6KQwdtXhn6ATylzMYYJb6WaW-pNbtmqg5I=w300
air.nn.mobile.app.main,NeuroNation - brain training,Education,4.5,229553,"  5,000,000 - 10,000,000  ","May 9, 2017",https://lh3.googleusercontent.com/Y04qFDH74A4Ul1ono4soO2v0BBtoCDSkpjNf0vGYRc2BlHT77E0rKHbyBrc95r2l1KE=w300
com.global.foodpanda.android,foodpanda - Food Delivery,Food & Drink,4.0,229032,"  5,000,000 - 10,000,000  ","February 20, 2017",https://lh6.ggpht.com/JQFEKGQWjoQ1ZWX4k0VDRczLLsVOMwcnQFGMLtabZf6A3Zpv6tc1iBbYQZeImMZ9A68=w300
com.divum.MoneyControl,Moneycontrol Markets on Mobile,Finance,4.4,228873,"  5,000,000 - 10,000,000  ","October 2, 2016",https://lh3.googleusercontent.com/jYaIz2xqfguiW4JBJftPLnk9KSRUDHOJVEXe1GV2ByuBobZZ8atX4PupPsRSCLYZAQ=w300
com.goibibo,Goibibo-Hotel Flight Bus Car,Travel & Local,4.2,228272,"  10,000,000 - 50,000,000  ","November 20, 2016",https://lh4.ggpht.com/tBgDkTPpodjVh4OYlMgrmxRUY4PZuuJUiD4F4IqsqlCfAA5YScwpd3LjUyVmfyfH3A=w300
com.urbandroid.sleep,Sleep as Android,Lifestyle,4.3,227446,"  10,000,000 - 50,000,000  ","December 1, 2016",https://lh3.googleusercontent.com/_d54j8d5ycmef4ldqkFbnfSXoqrBnvB9yIr8-yMszd-8fNa8UIsJAviNnhY4Vy0ugQ=w300
droom.sleepIfUCan,Alarmy (Sleep If U Can)- alarm,Lifestyle,4.7,227304,"  1,000,000 - 5,000,000  ","November 14, 2016",https://lh3.googleusercontent.com/YLK1hbkafcB9gKs6zjo21ia6vjbjF5wyctzBVb5aJcYDXWc8KYJqjEtDMqVm2PXYmJ4=w300
com.wonder,Elevate - Brain Training Games,Education,4.5,220090,"  1,000,000 - 5,000,000  ","May 2, 2017",https://lh3.googleusercontent.com/XatJ6g7akkVHPglytANjQXLzk586Xhq02rFCN2uMHmU7dVskhJGxEJwyR_ce04jhJOQ=w300
com.fitbit.FitbitMobile,Fitbit,Health & Fitness,3.9,219911,"  10,000,000 - 50,000,000  ","December 15, 2016",https://lh3.googleusercontent.com/dIpnDB-EbJhzSkF1jpdHKMq0q1oq58ZsRWVKuEGzmGGaPSIwHKFq05ROAOLS4SzFUw=w300
com.parfield.prayers.lite,Al-Moazin Lite (Prayer Times),Lifestyle,4.6,218174,"  10,000,000 - 50,000,000  ","December 11, 2016",https://lh3.ggpht.com/AA4AGLPrnmQkgAcbbmgoGqTZJlhrP5Gl94bNKETeGA41UWsGV3scDqJ4qVGBxtfTDTaQ=w300
com.clue.android,Clue Period Tracker,Health & Fitness,4.6,213273,"  10,000,000 - 50,000,000  ","May 12, 2017",https://lh3.googleusercontent.com/wVwz3A1WC__iFmAfrjawQc3UGv-UQ2VPYyo0xRfnpJ6jQu07hIuO_w_KH_CXA8RIrQ=w300
com.google.android.apps.youtube.creator,YouTube Creator Studio,Video Players & Editors,4.2,212260,"  10,000,000 - 50,000,000  ","October 31, 2016",https://lh3.googleusercontent.com/1zX4XFoXUnB8KPpaXTiAGhPLC-Fy34P2077XFeo2P4ApuSZZ9q6eEBptOAEbrqOfbNvp=w300
co.brainly,Brainly Homework Help & Solver,Education,4.6,209062,"  5,000,000 - 10,000,000  ","April 28, 2017",https://lh3.googleusercontent.com/ZX-LIMGoP14MnT3cfLYL2BRh9FvojYipkkUgV1_t6qbGDecf0JH3dW_Ah4Trutc2KA=w300
net.slideshare.mobile,LinkedIn SlideShare,Business,4.3,207513,"  10,000,000 - 50,000,000  ","May 5, 2017",https://lh5.ggpht.com/dQRDgj18XXi5RsbxkVDQy1bxjsuNFsD99gDu3D5pMZ_Y1ZFIVl_8F5RAOI9B5oo9_Q=w300
com.justdial.search,"JD -Search, Shop, Travel, Food",Travel & Local,4.3,205067,"  5,000,000 - 10,000,000  ","October 19, 2016",https://lh6.ggpht.com/IYKf_EJM0nnoAYGwOcCB56KHT1EZj98EnuARFJwr6CSSRbABo7kW1vCNmq8dmigq9fQ=w300
com.mobileapps.apps.LearnToDraw,Learn To Draw,Education,4.2,203492,"  10,000,000 - 50,000,000  ","May 8, 2017",https://lh3.googleusercontent.com/U53AU7kWvwYv_biNkaeqCC3G3Phwj_fAmaVFrewmkbTaM8uJriAVoWRfMCSMQmvd-g=w300
com.taxis99,99 - Taxi and private drivers,Maps & Navigation,4.6,199948,"  5,000,000 - 10,000,000  ","May 6, 2017",https://lh3.googleusercontent.com/g-Pw779vWikpjZjt3ypCrS8lrxGAypxefcensUYHbsviDpX-BVe5h-5KMmCQE05RWlus=w300
com.kpmoney.android,AndroMoney ( Expense Track ),Finance,4.7,199537,"  1,000,000 - 5,000,000  ","May 12, 2017",https://lh3.googleusercontent.com/VzAdPCgkmxpd3IeY-2enNzHrl76FViy3kBmuoc-pMonZqLn_hmu1XdmrH57PD5nzoJTR=w300
com.kayak.android,"KAYAK Flights, Hotels & Cars",Travel & Local,4.5,198570,"  10,000,000 - 50,000,000  ","May 8, 2017",https://lh3.googleusercontent.com/W6YtbhgStMwr0Hb1kzSG4jxncjGYR5WBKaLm8RfjSQ1Pca_MyMUh6KcaQhv6iDx3wSI=w300
com.sbi.SBIFreedomPlus,State Bank Anywhere,Finance,4.3,198151,"  10,000,000 - 50,000,000  ","December 6, 2016",https://lh5.ggpht.com/cD1AMhHDsT7SfVrrwMhrI2WXS-Cz9eF1fHrrpestNsAZ_xRO7acQlXD59u3VUywJv5o=w300
com.careem.acma,Careem - Car Booking App,Maps & Navigation,4.5,195757,"  5,000,000 - 10,000,000  ","May 10, 2017",https://lh3.googleusercontent.com/gtnZPa4Hr_dhS_KR6My9wrtr4JNHxAVGKLox8fYh25UTp7VmQnEavY5isq0AOH413Gk=w300
com.appxy.tinyscanner,Tiny Scanner - PDF Scanner App,Business,4.7,192465,"  10,000,000 - 50,000,000  ","April 16, 2017",https://lh3.googleusercontent.com/9CcAsFudREejEyxSbMDb2rs4OZ45ZqIQtkuS0EScBLcE1y2vMH3K_OBTz0lB9FQHHQ=w300
com.apalon.mandala.coloring.book,Coloring Book for Me & Mandala,Art & Design,4.6,188072,"  10,000,000 - 50,000,000  ","May 12, 2017",https://lh3.googleusercontent.com/YM3S7b8-CcKusih-apqc_4ZfaWLpjXXTcsnBpENu_AD2ut5217bjn04HoMtcWPVV_OU=w300
com.busuu.android.enc,busuu - Easy Language Learning,Education,4.3,186457,"  10,000,000 - 50,000,000  ","May 5, 2017",https://lh3.googleusercontent.com/yGiTr5NnWG8o432o2Cmxrd59jYEWIVwXE9WmAFJWnAc_yRzF6uEIPPICH-rAnrtNAQ=w300
com.lumoslabs.lumosity,Lumosity - Brain Training,Education,4.2,182789,"  10,000,000 - 50,000,000  ","May 10, 2017",https://lh3.googleusercontent.com/xrYgufJ-Q1VNcefv2Eosj4TvMeBmLwfJ-uhmdH_koNF4MjcUSnau3ZKhJtqcuCr8m1Lv=w300
com.ipart.android,"iPair-Meet, Chat, Dating",Dating,4.6,178654,"  5,000,000 - 10,000,000  ","May 2, 2017",https://lh3.googleusercontent.com/DgB0pa8Mwxp19yHuISHyANGBlTHuesxxxpRK_PnqkU7sX_neNbPe_UV5MyWIPiL1JFk=w300
videoplayer.mediaplayer.hdplayer,Video Player HD,Video Players & Editors,4.4,177828,"  5,000,000 - 10,000,000  ","January 27, 2016",https://lh3.googleusercontent.com/SQ3DumBwiaVOVXa0EKGfG5r1932Hj81-DtNVKC7IWjPlBA4lUU4k5BI0wbU1ivKmm6E=w300
air.br.com.bitlabs.FLVPlayer,FLV Video Player,Video Players & Editors,4.2,171306,"  10,000,000 - 50,000,000  ","February 19, 2016",https://lh6.ggpht.com/MVfX4sn2-WVAjm9Vn9IYUbvRIk_7ZfkowOU5hhRiV48CrBZ7VZYnMvjKnSLG_fhMig0=w300
com.fusionprojects.edmodo,Edmodo,Education,4.1,169108,"  5,000,000 - 10,000,000  ","May 3, 2017",https://lh3.googleusercontent.com/vLD_VxSrEFd0xO5BziBYP08r8380YfZJYIdrvFlw2ZuXWkfWprDTSUZImWUVfRaLHHM=w300
com.estrongs.android.taskmanager,ES Task Manager (Task Killer ),Business,4.3,168703,"  10,000,000 - 50,000,000  ","May 10, 2017",https://lh3.googleusercontent.com/YVk8kPQetQPhyrQmua4XvsywbxYcPWgKbaPdlh-kyavamjN1faDVob-IpSFhRaAt2BY=w300
net.metaquotes.metatrader4,MetaTrader 4,Finance,4.5,167531,"  5,000,000 - 10,000,000  ","March 20, 2017",https://lh5.ggpht.com/y0MiHM1tEE2vYtwy6PpG1cgNpzhPcavMd6ITx_Hxl-R3INVhgBaEOeSGZwpvgiJuqg=w300
media.hd.video.player,Video Player Ultimate(HD),Video Players & Editors,4.3,167529,"  5,000,000 - 10,000,000  ","September 8, 2016",https://lh3.googleusercontent.com/oRwIYJoZtUf-q5fVooA8ITcA4DgA9FKD-cZUDJ4GR7XUN_1PNPcuX1zXQjlVX-37uQ=w300
com.kokteyl.goal,Goal Live Scores,Sports,4.3,165014,"  5,000,000 - 10,000,000  ","April 14, 2017",https://lh3.googleusercontent.com/mkKVe1iAogWwOSA_LO8eFkXju51Iz3Iku3U2BLqMVfIce0XmIkSF-thHwcvBoTDuDi_H=w300
com.magnetic.openmaps,"Maps, Navigation & Directions",Maps & Navigation,4.1,163549,"  10,000,000 - 50,000,000  ","February 10, 2017",https://lh3.googleusercontent.com/aYcOcueZVRa8dpVHB3dY1_Qb3CgbfUL5r-7FQgdp4nbJGw4waDL189jw-lKpX30DDA=w300
com.ted.android,TED,Education,4.6,162089,"  10,000,000 - 50,000,000  ","May 5, 2017",https://lh3.googleusercontent.com/-F-Uzt1CfQx1NkTiEvl-gm-jwcjRIvspFMS3hHxAzrml0f1M2s1shd0WWruJiCqzwLU=w300
com.mobilityflow.torrent,aTorrent - torrent downloader,Video Players & Editors,4.3,157451,"  10,000,000 - 50,000,000  ","October 12, 2016",https://lh3.googleusercontent.com/bIOyb6HxLG36uJavlaUWBPKUHHLbKcLVoCU8x9uOwg8K7S2thgGs0I23cRV5UJG0AA=w300
com.trulia.android,Trulia Real Estate & Rentals,House & Home,4.5,154706,"  10,000,000 - 50,000,000  ","May 12, 2017",https://lh3.googleusercontent.com/3NbmSpzeGWDZswG-BOagaGVQVYl7_BcTfU16zFLzuGT6SJNzZuqnnGsO4up-HGdjLA=w300
yo.app.free,Precise Weather YoWindow,Weather,4.6,153292,"  5,000,000 - 10,000,000  ","April 24, 2017",https://lh3.googleusercontent.com/UUIpJ9C6jCEJwg5tpqFjW50TfUJsg2uAleg6h23BWzFTqrwWm_rGxrGWw5D1NRZIqW6B=w300
com.netqin.mm,Call Blocker Free - Blacklist,Business,4.4,153207,"  10,000,000 - 50,000,000  ","April 19, 2017",https://lh5.ggpht.com/s5He9kzP9xVpGzlTvRscNgVE5ylSd7L3qc_rdwTvWDFAmJUpkeTW-ZROUOWtbJwYWoM=w300
com.linkedin.android.jobs.jobseeker,LinkedIn Job Search,Business,4.4,152143,"  5,000,000 - 10,000,000  ","May 1, 2017",https://lh4.ggpht.com/BT6202BZJpiO6VNjgBlJxDl7CLGYz5gHgYgT_vlqWnrIGEw9-YGNezeYBIbsrypKdAY=w300
com.artelplus.howtodraw,How to Draw - Easy Lessons,Education,4.1,150131,"  10,000,000 - 50,000,000  ","May 14, 2017",https://lh3.googleusercontent.com/Dc2DgIR46BX57H-tAHKeZ7OLpKmX6-YoPDDERr9jkDqfFPgrHXIuvOAvtAxDsjig5Q=w300
ru.yandex.weatherplugin,Yandex.Weather,Weather,4.4,149238,"  10,000,000 - 50,000,000  ","December 13, 2016",https://lh3.googleusercontent.com/lEwFotAMQMmitFMakhfo9LsD-f0Eiu2EWYAcdqcYjtUjK7wDT1pFSajXVdhkijF0wgw=w300
com.july.cricinfo,The ESPNcricinfo Cricket App,Sports,4.3,149217,"  5,000,000 - 10,000,000  ","October 7, 2016",https://lh3.ggpht.com/Pz4_eV15Pr4rHDVMxmlDKgYTxm2EoMp2sTKwP5DX7T2BNaFj5J7LgcGT4BbqJrR14Hwy=w300
es.lfp.gi.main,La Liga - Official App,Sports,4.5,146118,"  5,000,000 - 10,000,000  ","April 7, 2017",https://lh3.googleusercontent.com/p0aA9x4H41Xc9AMVRW7Ssb3YcqG2tzcSZliUOi7aHxxJVa4k6LDllP7JFMKLmeobqYc=w300
com.box.android,Box,Business,4.2,143559,"  10,000,000 - 50,000,000  ","May 8, 2017",https://lh3.googleusercontent.com/bYVafDlBEUJf-_agMoV97k336w4VSGMyIVNq5aJWMYlpyDq9y6hmTuso5cynuBDP8cI=w300
com.snapwork.hdfc,HDFC Bank MobileBanking,Finance,4.2,142189,"  5,000,000 - 10,000,000  ","December 3, 2016",https://lh5.ggpht.com/U1nq0meixaVEOoofwfG0Tj2_7Y0YGMDGdqnF0-N9aZhSZCe_EJ_qbx1FZPPZpGXIzes=w300
com.autoscout24,AutoScout24 - used car finder,Auto & Vehicles,4.4,140020,"  10,000,000 - 50,000,000  ","December 14, 2016",https://lh3.googleusercontent.com/YmtKXzyw0Tij9uR-oMhEnMDPkuIbeQpMvmuC83Zpr6T3-8kqpUcCzBzAb_SH2T0_yQ=w300
com.move.realtor,"Realtor.com Real Estate, Homes",House & Home,4.4,139367,"  10,000,000 - 50,000,000  ","May 11, 2017",https://lh3.googleusercontent.com/7WQToskbTzoANpp_A6i41ihCOs--YcqRj4TDqw7nwrv_0bgCStib-a43BvQBRbOnCw=w300
ru.jecklandin.stickman,Draw Cartoons,Comics,4.4,138469,"  5,000,000 - 10,000,000  ","August 28, 2016",https://lh3.googleusercontent.com/CQtSoNAmjT_ROcBzQkCcQLjAvc9aw7bfM2m2hIaVnhAeshdOK4G5UbLGdVhScnGC7A=w300
com.shillingstoneapps.earn.money,Earn Money -Highest Paying App,Finance,4.3,137032,"  1,000,000 - 5,000,000  ","November 3, 2016",https://lh3.googleusercontent.com/TjOCY4a3X82zbF4TZ7FVWiwx56vqrCUai27-lB6_zn3lHfXvSHJ0_qwx_Kj_3lD0dSA=w300
com.mcentric.mcclient.MyMadrid,Real Madrid App,Sports,4.6,136662,"  5,000,000 - 10,000,000  ","April 19, 2017",https://lh3.googleusercontent.com/ZWmuJuXIKQ4jWvZniwhVci-VMUliBQbTnQ1kM3nU3tAdfj4R_WgPrL61JlFwjK39Nw=w300
se.footballaddicts.livescore,Forza Football,Sports,4.6,136643,"  5,000,000 - 10,000,000  ","May 11, 2017",https://lh5.ggpht.com/ZkRHEI7rq-nMZUMk250_e5lP9P2KLSmzR2A1SMIQhw6SopkMA4aTiq9R8GO-zHLXVHKM=w300
com.smsrobot.callrecorder,Automatic Call Recorder,Business,4.2,134218,"  5,000,000 - 10,000,000  ","May 12, 2017",https://lh5.ggpht.com/gSGIt49FZz5Xi2R6H95-njw6KGGTTzRTeeVuYHR8FxI15YwkogcGBTSbz0CIyl01dreJ=w300
com.androidrocker.callblocker,Call Blocker,Business,4.6,132469,"  5,000,000 - 10,000,000  ","April 5, 2017",https://lh3.googleusercontent.com/Jc5FpdQdk4j3QuJRTL2Y37ob3ZajRA8DGtNBL4aEsuHI0dfV_2adakp4CqYF1IT6F_4=w300
com.gettaxi.android,Gett - Car Service & Rideshare,Maps & Navigation,4.5,129843,"  5,000,000 - 10,000,000  ","May 3, 2017",https://lh4.ggpht.com/twAmTIdcBnY0cPcO-Jb5Irs9Qe4z3Uz4mdEu7aRuh6Qhh9tjuO99HlsVHLSnlSvDl2k=w300
com.sofascore.results,SofaScore Live Score,Sports,4.8,127586,"  5,000,000 - 10,000,000  ","May 5, 2017",https://lh3.googleusercontent.com/Tn9mGf_CepfklzxFvZZPhZ2YPx0LNy3Qv1MgOBgdXKNfaeCvIBf1p7lSALU0DV-6pXw=w300
com.digiturk.ligtv,beIN SPORTS TR,Sports,4.0,124901,"  5,000,000 - 10,000,000  ","May 3, 2017",https://lh3.googleusercontent.com/7kIHHu6tMwolnIiS96-w_B5n_Hi0E2PnPgRh6Nin4_cSMNpBegIPXF0SHJnuIwlC5Q=w300
com.mint,"Mint: Budget, Bills, Finance",Finance,4.3,124558,"  5,000,000 - 10,000,000  ","May 11, 2017",https://lh3.ggpht.com/Vd9ubTf3GHgogznhGqYLb-hFtx6gqhZ5h5wBzSf-1Wf_GsFHRf1Lk_HX0muiCTp1fL_u=w300
com.geico.mobile,GEICO Mobile,Finance,4.7,121726,"  5,000,000 - 10,000,000  ","April 22, 2017",https://lh4.ggpht.com/AXZDbrStZWn_w-x6YVe8453q37EcgBdBgRW9EOc6eyW3QVDJR9PXqV8rEHkFVyhsUg=w300
com.mitracomm.jamsostek,BPJSTK Mobile,Finance,4.1,120477,"  1,000,000 - 5,000,000  ","December 12, 2016",https://lh5.ggpht.com/AiDTpPjet2_aSGbOtQQuhZoFrIrurbK1l0ePrjjAAi0wIFt7AgndKuYfN3rsyXn2K1rl=w300
com.axis.mobile,Axis Mobile,Finance,4.0,119122,"  5,000,000 - 10,000,000  ","July 27, 2016",https://lh6.ggpht.com/nNyS8pk_qjq2BNwGO6ESd8B52HRiMWDvDabNKyUu28uwmVUgxcBWOGkEraUNEQmZHPA=w300
com.bca,BCA mobile,Finance,4.0,118584,"  5,000,000 - 10,000,000  ","October 27, 2016",https://lh5.ggpht.com/_3Y-XjkFwR87Na0zmb5zjSomuwnpjJWHj6n36Hyg_vQaMQFfWWQu7s4fu9Rw7XL4AL0=w300
ru.mobstudio.andgalaxy,Galaxy - Chat & Meet People,Dating,4.2,116040,"  5,000,000 - 10,000,000  ","March 28, 2017",https://lh3.googleusercontent.com/svWDDF6ceeHJgzY3l7CWHLYlxmE3Qf7MQ0mVXbXBFnbt8f4JFc394SUcF7EIl5TxiA=w300
com.northpark.beautycamera,Beauty Camera - Selfie Camera,Beauty,4.0,112393,"  10,000,000 - 50,000,000  ","April 4, 2017",https://lh6.ggpht.com/V5e9ujJRA7aipKE2fOYz7K52usUvudextXMGs8_1lKrE2EKqLwIMsq8xk-OqbA79A9M=w300
com.smsrobot.period,Period & Ovulation Tracker,Medical,4.4,109934,"  5,000,000 - 10,000,000  ","May 11, 2017",https://lh3.googleusercontent.com/vHTcDLUc-6U7gMEDZ_FFN0IZzUjdy2rhlyoidRabMiPOPma0b_jubq-En6kOO13pa-A=w300
com.grubhub.android,Grubhub Food Delivery/Takeout,Food & Drink,4.4,108211,"  5,000,000 - 10,000,000  ","April 26, 2017",https://lh3.googleusercontent.com/fhrWN-k91PdgciNUQ2UMxfZNr267Nnk9UKfIMtFzMd8TrySISSarLjx-QWRP5DsUKJ0=w300
com.inovel.app.yemeksepeti,Yemeksepeti -Order Food Easily,Food & Drink,4.4,107091,"  1,000,000 - 5,000,000  ","October 4, 2016",https://lh3.ggpht.com/9lhWWhtRfs-4uFolooIiaNPSouF8syFYASlUlC7IrxcPxoVih47TIis9474kOhvcs38=w300
com.zalivka.animation2,Draw Cartoons 2,Comics,4.6,104926,"  1,000,000 - 5,000,000  ","March 17, 2017",https://lh3.googleusercontent.com/hvuBGw9T6nPjnWZYdtVpYml_mstirmpliCw4QrDo4SAarXuKKFmqhk4SvAaUEU_JKWA=w300
com.once.android,Once - Handpicked matches,Dating,4.4,102730,"  1,000,000 - 5,000,000  ","May 9, 2017",https://lh6.ggpht.com/SNtEb5Rjie5lFdRD0peXR3aQZfBHa2lfuuKxoNYTuvx0fpdE9PG3ZuKDgpHSXAwicdbh=w300
com.hp.pregnancy.lite,Pregnancy +,Medical,4.5,98858,"  5,000,000 - 10,000,000  ","August 10, 2016",https://lh4.ggpht.com/FUWnSyQx6nj0zENolF-dUtD7hPmF8qCFu6CuaXY2PNNV7o8jX07PZUDuB1B3L-6yzMWz=w300
com.perfectcorp.ycn,YouCam Nails - Manicure Salon,Beauty,4.4,95727,"  5,000,000 - 10,000,000  ","April 24, 2017",https://lh3.googleusercontent.com/D1rREV9_lHihLrgbw7jOVOgeJHsKukJ_dhM7PSHLSvWh-J-ygopQWMkiMMxFV4gonQ=w300
com.vblast.flipaclip,FlipaClip - Cartoon animation,Art & Design,4.2,93970,"  1,000,000 - 5,000,000  ","May 4, 2017",https://lh3.googleusercontent.com/EIwv9JVe609X5SFOJ-LTC_Ng9yjM7W8gyGe4dWcpUvHNs7mLjF73QNJuMhyquLv_F7mK=w300
com.girnarsoft.cardekho,"Cars India - Buy new, used car",Auto & Vehicles,4.4,91732,"  1,000,000 - 5,000,000  ","May 2, 2017",https://lh3.googleusercontent.com/CVcY0lXDWlZTQYTiHeelIfWM9GTme6Maoye-_cyNjDPu5A-EnHDsdU7Ubg2lDUZprM0O=w300
com.carwale,"CarWale- Search New, Used Cars",Auto & Vehicles,4.4,88889,"  1,000,000 - 5,000,000  ","May 10, 2017",https://lh5.ggpht.com/-_VI2TuKs1se7azwxUzskkP1tN45Q_kSykIvsMk6XAKj-V9iqKBV-k8-K1MdI8Ol0Q=w300
vivino.web.app,Vivino Wine Scanner,Food & Drink,4.3,87003,"  5,000,000 - 10,000,000  ","May 9, 2017",https://lh6.ggpht.com/AEkONkgtA9_wQHNrFOisCc8sUEYWYwTBmLlw5cxQApk1c5a_SH5a97fx65kHCRh-zj0=w300
com.nefisyemektarifleri.android,Nefis Yemek Tarifleri,Food & Drink,4.7,85301,"  1,000,000 - 5,000,000  ","July 11, 2016",https://lh3.googleusercontent.com/xGdeSYZ9YcEGVZr7oorClB9KNI2Lxv6mMoNVH3X2g_ECmnDoxXFwWWJ0rgkgfPU9_VvP=w300
com.mufumbo.android.recipe.search,Cookpad,Food & Drink,4.3,84641,"  10,000,000 - 50,000,000  ","May 8, 2017",https://lh3.googleusercontent.com/EKKI-Yd_7nQHMfEo9o4sTnUG9Uv-AGuHF2j3exarqQcg8xYyHg4eCCOY2Jw3SvY9ekI=w300
com.pedidosya,PedidosYa - Food Delivery,Food & Drink,4.2,81997,"  1,000,000 - 5,000,000  ","December 12, 2016",https://lh3.googleusercontent.com/tCH1-lo-XiJpvQ66oqlvCAp4AhBL8eUA60bEQYWCgW_w_-BdGTCx35u8VF3m0hZ6gV0=w300
com.medibang.android.paint.tablet,MediBang Paint - Make Art !,Art & Design,4.4,81487,"  5,000,000 - 10,000,000  ","April 17, 2017",https://lh3.googleusercontent.com/gJiINYcgwxuyz7D74B_yIGoblTCDdhLPmh1JMUiw-cUGZ4D7aj0bUWywBsMNltCQzX4=w300
com.talabat,Talabat: Food Delivery,Food & Drink,4.5,80428,"  1,000,000 - 5,000,000  ","April 24, 2017",https://lh3.googleusercontent.com/4tWZEGKQLmj8tsHmM3E2GLZjHZTqiwa1SKdVc0cBzIXpn4UmehwnAFCNr3jbZcijYNk=w300
com.zoemob.gpstracking,Family Locator & GPS Tracker,Parenting,4.2,75218,"  5,000,000 - 10,000,000  ","August 29, 2016",https://lh3.googleusercontent.com/eWbGcXc-AzA2vVg1LDNKTa-UJL7EK-WK21KKrlkma5gN_7NHckx5xB2oJdPeTv7sX6w=w300
jp.ne.ibis.ibispaintx.app,ibis Paint X,Art & Design,4.5,72170,"  1,000,000 - 5,000,000  ","April 17, 2017",https://lh3.googleusercontent.com/EWyXSIExk317d5TxiWgA8A3mVRBiEdIpX0E7Yu3ghBOZDhlar34ewJdeVuiD40s1uok=w300
com.yummly.android,Yummly Recipes & Shopping List,Food & Drink,4.5,71355,"  1,000,000 - 5,000,000  ","December 5, 2016",https://lh5.ggpht.com/lq8cpjtN3gErseV08nIJYLCOzGnYkFI4FK7pztzHv3ETUK94kzA3psdPusx_IPMlOL6V=w300
com.done.faasos,FAASOS - Order Food Online,Food & Drink,4.0,69243,"  1,000,000 - 5,000,000  ","November 18, 2016",https://lh3.googleusercontent.com/VeB-wMCfPqgAcs3pzqv9DKqUt3rViu89R79LlZvzqzLmNMEMdxMpTXd7fxSzht4Qwe6a=w300
com.fsp.android.h,Sex Offender Search,Parenting,4.5,68161,"  5,000,000 - 10,000,000  ","December 7, 2016",https://lh4.ggpht.com/s_x-SimZXfRFDOs-P4u1RJIiS5NHAKE8hicC0cv9xR_Vtxx9ylOJFSJpkEJcnmJr-J4=w300
com.aranoah.healthkart.plus,1mg-Save on Medicine/LabTests,Medical,4.2,67830,"  1,000,000 - 5,000,000  ","November 19, 2016",https://lh3.googleusercontent.com/r97I_x6bvYgtmEe37GCLp2JiObcwv_9g0ROX2VaNIe_ZVibfEUcEy2dAYZv77iX8u3o=w300
com.ovuline.pregnancy,Ovia Pregnancy & Baby Tracker,Medical,4.8,66802,"  1,000,000 - 5,000,000  ","April 3, 2017",https://lh3.googleusercontent.com/drrc7SCkb4C4R-UmKHGVq2Sx-Nkrj8YI_KPpZQ6pbN5Z6dry24NQyIwcluzd7swRV6A=w300
com.trulia.android.rentals,Trulia Rent Apartments & Homes,House & Home,4.4,64672,"  5,000,000 - 10,000,000  ","May 12, 2017",https://lh3.googleusercontent.com/gIDtoHQ84b7358DiqlWZRoXlocBgYNzWXy8xdFLkG3YBirCdQD870yzSLvjH2I6YwQ=w300
com.srsdev.allfacts,Funny Facts Free 8000+,Comics,4.4,64005,"  1,000,000 - 5,000,000  ","July 26, 2013",https://lh5.ggpht.com/hf7iujgmMlTHAOMpgsd5CF93aI7lGL2edlZpQi7f8L8yi0Bv4wpAJ4IjCOfrLJdMYg=w300
au.com.penguinapps.android.babyfeeding.client.android,Feed Baby - Breastfeeding,Parenting,4.6,61632,"  1,000,000 - 5,000,000  ","December 8, 2016",https://lh3.googleusercontent.com/CBrmH0L49GvJoBlz06Q-WFzOZ7xw9m5g347vWo1QZF5zT2x7I8N68h6NsY0yVXPvdAE=w300
com.clickdelivery.android.domiciliosbogota,Domicilios.com - Order food,Food & Drink,4.3,61558,"  1,000,000 - 5,000,000  ","March 27, 2017",https://lh3.googleusercontent.com/pY1wTeEyZIeZKJj7cO5xP1kt4ja0lOfmfUw96WTWBkQ8WbIlqvN2ZcNe5I47IYVT2Q=w300
com.taxsee.taxsee,Maxim: order a taxi,Auto & Vehicles,4.6,60537,"  1,000,000 - 5,000,000  ","May 9, 2017",https://lh3.googleusercontent.com/99JatZrOlXsJFHmST0RbGNcEUaaPTYBMxv-4klxl-55anAtLAbMjfmTjvFHIo0RwLw=w300
com.ivuu,Home Security Camera - Alfred,House & Home,4.4,59410,"  1,000,000 - 5,000,000  ","May 12, 2017",https://lh3.googleusercontent.com/_uw-wPfbSAdS-SrHhO1ZnFeIYNgDGRP2XdA1unFfQAdQQu18YM4A8qga2viWth66MmE=w300
com.ladytimer.ovulationcalendar,Ovulation & Period Calendar,Medical,4.4,55781,"  1,000,000 - 5,000,000  ","November 7, 2016",https://lh5.ggpht.com/VbEaSwuqQlY-UTqamC3qWFYDqRpLwmgMvW9bHvJpKY89wGE-lVXvBk0QWluJuP4F92s=w300
com.chbreeze.jikbang4a,Zigbang,House & Home,3.9,55492,"  10,000,000 - 50,000,000  ","May 2, 2017",https://lh3.googleusercontent.com/QBnly97i31doJhP6E_PF2cmzIuXFzbFBDnuiy_DkzjNJtcqAFwPHwLfCe0B0_z7a4fWO=w300
com.wildec.meet24,"Meet24 - Love, Chat, Singles",Dating,4.2,50530,"  1,000,000 - 5,000,000  ","May 3, 2017",https://lh3.googleusercontent.com/RJWootIKgZZM59P2wl1SCiK9nZ7-G1xlFgJQVp0Hls5mmluTeD368dSWWYvKU4m6ow=w300
com.tmarki.comicmaker,Rage Comic Maker,Comics,4.2,50018,"  1,000,000 - 5,000,000  ","May 2, 2017",https://lh3.googleusercontent.com/oB4Gp9OkOTNOD0J7X6Qk5oep1eSeqBvr1Q2q-l19IB5KY0iYsvlmxL2X2_IArlCVS4k=w300
com.rookiestudio.perfectviewer,Perfect Viewer,Comics,4.5,49573,"  1,000,000 - 5,000,000  ","May 3, 2017",https://lh4.ggpht.com/d0Lzgf9kGr5cdWhwmPLz1jskVc6-saKPhlYEMLHKH4zs-MBLjP35mUZc7GGswcQRKEI=w300
com.urbandroid.babysleep,Baby Sleep Instant,Parenting,4.6,49010,"  1,000,000 - 5,000,000  ","September 2, 2016",https://lh6.ggpht.com/wWTcjwQxCMvtqYih-ctRq1c_ePP95xb2-lyjW95WTzbSZG6m07GumP8Iys9wDgjDe_wx=w300
com.lybrate.phoenix,Lybrate - Consult a Doctor,Medical,4.3,46841,"  1,000,000 - 5,000,000  ","December 10, 2016",https://lh4.ggpht.com/7-ShtteAeW2wadelqrpdqfoFtlaET4-raa4eKFxrPEYzkzloZTIFyzw0B5QPs21XzZM=w300
com.practo.fabric,Practo - Your Health App,Medical,4.2,45852,"  1,000,000 - 5,000,000  ","December 12, 2016",https://lh3.googleusercontent.com/Z4KRWol0XvfayApFjywxhbwhHJDgkgztA2fUK7HW_kB_DwLSPIs12rXf7SzzpK-tYBc=w300
com.idealista.android,idealista,House & Home,4.3,45738,"  1,000,000 - 5,000,000  ","May 11, 2017",https://lh5.ggpht.com/J-mVI7RdgZUdNG2gLjgLM_CdoYoYMdfo60aLchxmJ8HsA0wtNjjQo-K-wYPH_V3Yf9w=w300
air.com.KalromSystems.SandDrawLite,Sand Draw Sketch: Drawing Pad,Art & Design,4.2,45507,"  1,000,000 - 5,000,000  ","May 11, 2017",https://lh3.googleusercontent.com/FEtDcu77tw3XdrDRscfDVe4_-4_xcL-DuKlmQdjiu9Dqtzn8umCyk2sjGGNuxMqWAyc=w300
com.medscape.android,Medscape,Medical,4.4,45343,"  1,000,000 - 5,000,000  ","December 2, 2016",https://lh4.ggpht.com/DHsn5m0iPY9OHap91ig9bfcf6oR2APnPhSK_t-lO15pysHSenLtfsl0BVSbufmLelrLh=w300
com.kajda.fuelio,Fuelio: Gas log & costs,Auto & Vehicles,4.6,44568,"  1,000,000 - 5,000,000  ","March 13, 2017",https://lh5.ggpht.com/cVspArmWpWW7ONGx7P67YBZ__uFJGRUgu_oWtHnNNr0zCZkx4zes0_QGgP1Wa9c-nQ=w300
com.marvel.comics,Marvel Comics,Comics,4.0,43100,"  5,000,000 - 10,000,000  ","March 31, 2017",https://lh4.ggpht.com/ZlOwpwUhsIp-HeIDCjQ0bZDRQpYGV3x92DEyD_JB1QYcvSYiTukt5W9RESZctdbvznJT=w300
leafly.android,Leafly Marijuana Reviews,Medical,4.7,42656,"  1,000,000 - 5,000,000  ","December 8, 2016",https://lh3.googleusercontent.com/GHVeHygqiT86kQkXeDVmBHB0UY278yMq6fEntXNzEoLqfWLPXH9RloqfXODbDknYOQ=w300
br.com.verde.alarme,Anti Theft Alarm -Motion Alarm,Comics,4.4,42374,"  1,000,000 - 5,000,000  ","November 4, 2015",https://lh4.ggpht.com/DRdbMA2piVzCsksX4weZjlPhwC9qiu0kM-fQXe1BAAtMaV3Tsz0NLzSq-3dToI85XEM=w300
com.goodrx,GoodRx Drug Prices and Coupons,Medical,4.7,41594,"  1,000,000 - 5,000,000  ","May 10, 2017",https://lh3.googleusercontent.com/adTvAepSBlgoDyBCzJaMJxK-D8tsqqbzEjSCpDGPtnrZEQC8I7F8oWnD2NwhbWfSuMU=w300
com.midasapps.roomcreator,Room Creator Interior Design,House & Home,3.9,41248,"  1,000,000 - 5,000,000  ","March 14, 2017",https://lh3.googleusercontent.com/uqK0gzN0F8LFxX02g0ttBpnh66VK3PpH6QbOas28uUWXD-1yPaRvAOwRViTHnchFZrc=w300
com.lyrebirdstudio.beauty,Beauty Makeup Selfie Cam,Beauty,4.0,41120,"  5,000,000 - 10,000,000  ","December 8, 2016",https://lh3.googleusercontent.com/xQuN3eCtH847RrV6Pd3kLn264Yb5VYYTMId0IGNZJTNSuO8M8QSHELNgweWRR2x16-s=w300
com.dena.mj,Manga Box: Manga App,Comics,3.7,40673,"  1,000,000 - 5,000,000  ","April 30, 2017",https://lh6.ggpht.com/HSAJW9R_lYux_nu4TZJk8QrS7kc8xL_vU-zY7jXWUGVKDyLd28AzTMJPFszTwn3_Et4=w300
com.binarytoys.speedometer,Ulysse Speedometer,Auto & Vehicles,4.3,37898,"  1,000,000 - 5,000,000  ","May 3, 2017",https://lh5.ggpht.com/xiggkYb6Nuxp8nSSAVvBGx7LH0oNT6LgPI7Tf7a5RfLd6mfV49kDquLzmUfn_kNEahSI=w300
com.ovuline.fertility,Ovia Fertility Tracker App,Medical,4.7,37151,"  1,000,000 - 5,000,000  ","March 31, 2017",https://lh3.googleusercontent.com/4svJ-FGhFLL2kg733QZQYGP021TADn2ok8JobQ8bAquWRxJnSKtIES3GTd6_GvYePAU=w300
com.iconology.comics,Comics,Comics,4.0,37052,"  5,000,000 - 10,000,000  ","March 17, 2017",https://lh4.ggpht.com/g2lwDNm9T8SWf5et2om6rZXOJ-hEXqWgeuDzm--8JsanHAozS64GQr6fjFrL4PknjA=w300
com.microphone.earspy,Ear Spy: Super Hearing,Medical,3.6,35661,"  1,000,000 - 5,000,000  ","November 16, 2016",https://lh6.ggpht.com/6X7Ae0svUhTNBaRjlEaZhW-GY5lYeQtAlYAN5V1U1AqR85_l3ymlSaxICpmiL-kwcctf=w300
kr.co.company.hwahae,Hwahae - analyzing cosmetics,Beauty,4.7,33727,"  1,000,000 - 5,000,000  ","May 11, 2017",https://lh3.googleusercontent.com/Ni0uk3dn-I-XEEFQODH_zh3iGXjI0DSa7D1j_MfL_m4nMfkefT2O_CSEdwoNMyZ-U0w=w300
com.its.rto,Rutaxi.Online,Auto & Vehicles,4.3,32126,"  1,000,000 - 5,000,000  ","November 28, 2016",https://lh4.ggpht.com/8XtX8-ILR-_hCJuZOkoehBkOv1pW9TjnNo5Si4b7q8qv9zBYh1C3a1z3Sxe2WFVmrYI=w300
com.ticketmaster.mobile.android.na,Ticketmaster Event Tickets,Events,4.0,32077,"  5,000,000 - 10,000,000  ","May 9, 2017",https://lh3.googleusercontent.com/geBWukj-4gG1L5Vx4mbOA9ZDfNpy0GrwJXLWX1Qi-ugRGnsiNa0sNkqW2EL93u2yQw=w300
com.barilab.handmirror.googlemarket,Mirror - Zoom & Exposure -,Beauty,3.9,30827,"  1,000,000 - 5,000,000  ","October 24, 2016",https://lh6.ggpht.com/2ZESqfX65a9V_m3Dxl5obT-h1KDfUV5lHNJSTvALLLZdbwidPI_baBzrZYI3saE0MOw=w300
com.sweetringplus.android,"SweetRing - Meet, Match, Date",Dating,3.9,29961,"  1,000,000 - 5,000,000  ","May 11, 2017",https://lh3.googleusercontent.com/LOGazmiAHuKx4m1yj2NtfuyqWgdMAJ06tP5POrFW8I0mDi1Np200fWbhoyx7Ah41O5Ni=w300
com.happy2.bbmanga,Manga Browser - Manga Reader,Comics,4.4,29093,"  500,000 - 1,000,000  ","August 7, 2016",https://lh3.googleusercontent.com/nMzvHZmgx2kXy-FX--WNyijC6sk9409mDrT6Iw_WibxYorHY39WraFsZnV-QlMKqaw=w300
com.barilab.katalksketch.googlemarket,Sketch Master,Art & Design,4.3,28779,"  1,000,000 - 5,000,000  ","April 3, 2017",https://lh6.ggpht.com/Un1C_17WbBDr817oYY9DokNpJ91SLDqeb-99gzc3crnhXyspv0l97ALhpuzqPUUC1O0=w300
com.eharmony,eHarmony - Online Dating,Dating,3.1,28482,"  5,000,000 - 10,000,000  ","May 3, 2017",https://lh4.ggpht.com/YGUbSA3tsDIbLgwD8CNBPwB-DBki5SjUigTdBjYOzEdyr_EAOKvXj5UXzLtvKMmENtw=w300
com.szyk.myheart,Blood Pressure,Medical,4.1,27860,"  5,000,000 - 10,000,000  ","December 12, 2016",https://lh6.ggpht.com/joTg_BGyx_HwoBqxqRAfhDRRx2rKz4ZHhesTNlHhwFBmRSf7lEwVkmObvBjNn59IsNG7=w300
pl.planmieszkania.android,Floor Plan Creator,Art & Design,4.1,27726,"  1,000,000 - 5,000,000  ","April 3, 2017",https://lh4.ggpht.com/RZKjtqq4qvT_dD9e_-f2o_mIAZ-psT6Q0k_3NlkD9TbeZz0eRVs8Np_D2LWZEKsVe2s=w300
com.hssn.anatomyfree,Visual Anatomy Free,Medical,4.2,27725,"  1,000,000 - 5,000,000  ","September 11, 2015",https://lh6.ggpht.com/bQAr25cb0JOoU1RlANgV7L66-EFLlQ0KACnaXzqcZk0ufnxmablVDTvjkbpbwArejnw=w300
com.teazel.coloring,Coloring,Art & Design,4.5,27335,"  1,000,000 - 5,000,000  ","May 4, 2017",https://lh3.googleusercontent.com/Qy9SpaiID5sGcd8nY0tWQEOnoCpFhZrIj7Oy9GqmqHsmrrfeRNqcq8o8giAWdqkV8gk=w300
com.guillaumegranger.mc,Menstrual Calendar,Medical,4.1,26949,"  1,000,000 - 5,000,000  ","July 26, 2013",https://lh3.ggpht.com/oUG8Qs7KJrXp9x4G9a3slRkuYtQOAGY_aIOybjBoVf4whEusHWq6rk2Wxp0jkQN_Dxg=w300
com.coffeemeetsbagel,CMB Free Dating App,Dating,3.9,26889,"  1,000,000 - 5,000,000  ","May 12, 2017",https://lh6.ggpht.com/IAc-KySf2LwDEBJAKsUylmvZXg8DagtcM8x-EbK54ZYwzqMh-dROd045Usd4RmIl9C4=w300
com.wildec.dating.meet4u,"Meet4U - Chat, Love, Singles!",Dating,4.1,26645,"  1,000,000 - 5,000,000  ","May 3, 2017",https://lh3.googleusercontent.com/96XNapqpJjl4dF_OEV_mw0Tv8nKroqGfbTvVFbHrLYwTZI3Eh_URFsArf6JDWTpDr_s=w300
dating.app.chat.flirt.wgbcv,Free Dating App & Flirt Chat,Dating,4.4,26172,"  1,000,000 - 5,000,000  ","May 12, 2017",https://lh3.googleusercontent.com/GoZDXLkRmFuMwTtySFAW5DfUuxHfSCJHYaG_qnxV0LOmBrPVtms1-RySJwz43nqtWQo=w300
com.dailyroads.v,DailyRoads Voyager,Auto & Vehicles,4.3,26107,"  1,000,000 - 5,000,000  ","August 13, 2016",https://lh5.ggpht.com/jaK8n-3iLf2zlQxViw4w_-u120-Su4hBTlvzEKCQzo1-NNT13cTjl3j96LD1kRoMElI=w300
com.eyewind.paperone,PaperOne:Paint Draw Sketchbook,Art & Design,4.4,25763,"  1,000,000 - 5,000,000  ","April 7, 2017",https://lh3.googleusercontent.com/MZlalcsq9OvhSLRjqL8yxfB0knmdckwdvjBuxrYqgmrl8g1mcz2ZfV_kjzoLJCazvSpG=w300
com.beautylish,Beautylish: Makeup Beauty Tips,Beauty,4.1,25374,"  1,000,000 - 5,000,000  ","March 23, 2017",https://lh5.ggpht.com/UygaIP2El79FZT5Cv5hWThwgebVFjnRxGPfHujmngG0cLGvfAY7QEADgvHLt8wEOKlk=w300
my.geulga,Maru,Comics,4.8,25274,"  500,000 - 1,000,000  ","April 13, 2017",https://lh3.googleusercontent.com/rEiWSQzK18jkIDsD0T8z4jTNyQgx8rteR2BvGWSlesNSpqZZ4H92iUg8v6FHVUnuEc4=w300
com.mobivate.colourgo,ColourGo - Coloring book,Art & Design,3.9,24797,"  1,000,000 - 5,000,000  ","April 12, 2017",https://lh3.googleusercontent.com/A7LVYX2CqNWgyEo-1Pte4lhM-O8X622RhB01lbPgAD4r_VOt9MebzSva8GpWtiw9YbQ=w300
com.QueContactoscom.QC,QueContactos Dating in Spanish,Dating,4.3,24169,"  500,000 - 1,000,000  ","March 27, 2017",https://lh4.ggpht.com/TLuZVdj7FIxEEDBHSex3KqKk1UR49mcvfBeS6tfrrVhmDHFfxo-WoqbRLkemoFB7IA=w300
com.zillow.android.rentals,Apartments & Rentals - Zillow,House & Home,4.2,24078,"  1,000,000 - 5,000,000  ","March 21, 2017",https://lh3.googleusercontent.com/T7E-9RLegBYL8nzOO_SLfUm-xnzEgCwQ1O95FJxJBKXSpONevcoyzI9OUywr_5d2SJO7=w300
com.jaytronix.markermagic,MagicMarker,Art & Design,4.4,23579,"  1,000,000 - 5,000,000  ","March 11, 2015",https://lh3.ggpht.com/F7kovHDVspix2amzFlpNGolKwtgbP01W2NxvOY4k84BQ9Fyl5voz5X7xWeSoL26wZw=w300
com.dccomics.comics,DC Comics,Comics,4.1,23552,"  1,000,000 - 5,000,000  ","March 17, 2017",https://lh3.googleusercontent.com/Pa38LR81BHz3SKKZlQlNo66_w0rBH7kmOhIWTEwzAZZctPcNNR3XqtYz-yJsV43xqiHd=w300
br.com.blooti.chavinhogroove,Chavinho Groove sons do Chaves,Comics,4.6,22262,"  1,000,000 - 5,000,000  ","April 6, 2012",https://lh4.ggpht.com/CFIIWe1UnJv1uOFrk3HHBFaz_xmn3W8-JQ9LKHAZNWQPLe5-MaeEFmqu0WfxZ6oVL8Q=w300
com.anoac.litemess,MEKA - Cupid Dating & Meet,Dating,3.5,22188,"  1,000,000 - 5,000,000  ","November 26, 2016",https://lh3.googleusercontent.com/eqiVyEa8joUtGWbs9m2mcXeISQvczFD3DlakMM2fWvlGf6ycJyXFpNlTLaQnW5L-FxU=w300
com.kolesnik.pregnancy,I'm Pregnant / Pregnancy App,Parenting,4.4,21572,"  1,000,000 - 5,000,000  ","June 14, 2016",https://lh3.googleusercontent.com/u7ViQK0aPwCJR6SMbrxH2kACca8g3mnXHX-xYljkeLLMlQDzuMXpj9NLXFKucquyHA=w300
com.crunchyroll.crmanga,Crunchyroll Manga,Comics,3.4,21551,"  1,000,000 - 5,000,000  ","May 1, 2017",https://lh5.ggpht.com/gJmuig_3XFIzl5TvbJt5l6BNBvC9Z-yWsYhjtiXXdAiNRYIVkCIULQ9r3FwgzlKpk6Ze=w300
kr.co.station3.dabang,DaBang - Rental Homes in Korea,House & Home,4.5,21226,"  5,000,000 - 10,000,000  ","January 19, 2017",https://lh3.googleusercontent.com/UQhxUCsAEkxAuysYU2OUj2riLRq4a8ct2ceGh1QV8HvV5tOv_yGAzw2-iLy6b2-8eg=w300
com.apartments.mobile.android,Apartments.com Rental Search,House & Home,4.3,21118,"  1,000,000 - 5,000,000  ","April 17, 2017",https://lh3.ggpht.com/dJhuPgryKmQDOe6taxFfBleUTVlr2aU4cHLyt9ZUor7FcsMibxoP-eykNLn593_aIw=w300
com.drillyapps.babydaybook,Baby Daybook - daily tracker,Parenting,4.6,20693,"  500,000 - 1,000,000  ","December 15, 2016",https://lh6.ggpht.com/OkcBRpGDUppxmmD0HxP_ig4ButFj-dyRC5cyow8Uh7hBM0qWRb_ZInLtZMPH4N1lmyLo=w300
com.bytestorm.artflow,ArtFlow: Paint Draw Sketchbook,Art & Design,4.2,20657,"  1,000,000 - 5,000,000  ","May 8, 2017",https://lh3.googleusercontent.com/4G4Zigju6VC88YuC8MqGsTAHJFHvPS55gmPUZjLm5ag88K7kT7IxpxBR13SiQRkyKRI=w300
com.matchlatam.parperfeitoapp,ParPerfeito - Namoro & Chat,Dating,3.6,19934,"  1,000,000 - 5,000,000  ","April 17, 2017",https://lh3.googleusercontent.com/HbSA3TE6RHHNecLAWEI2kYbB8XrZR3xx61B26f92Xk2ykYrVFMeWRITEUmHXmP3PIj4=w300
com.stubhub,StubHub - Event tickets,Events,3.9,19610,"  5,000,000 - 10,000,000  ","May 2, 2017",https://lh3.googleusercontent.com/QZET40w3xdjrFZhB2Zeuw2aQInYuPyIJsMjDFzfZkcwd7a5WQO5fGhkd9ooqVudonw=w300
com.jdpapps.paintmandalas,Mandalas coloring pages,Art & Design,4.4,19333,"  1,000,000 - 5,000,000  ","December 21, 2016",https://lh3.googleusercontent.com/OLjbxaWXatpFMRqGChunfxG9EEGf4ouLe2fBIs5Xu24BVQgpMBdXQfjsApTVbBBO84pW=w300
chat.meet.date.me,DateWay - Chat Meet New People,Dating,4.0,18381,"  1,000,000 - 5,000,000  ","November 23, 2016",https://lh3.googleusercontent.com/zTk_uqzbgMF8fdmKLaYQ3NbzbO7Rm8HdV8DNCEWJ9P9M8fc3CCY1g8kh7e4HD_3VnIPs=w300
com.pnn.obdcardoctor,OBD Car Doctor,Auto & Vehicles,4.1,17909,"  1,000,000 - 5,000,000  ","May 11, 2017",https://lh4.ggpht.com/arzYhSL_Zbxhhru864wprCVq5AMdSZYk8j1nfIxTeZGrEtU-AZ3S7Oj90n-VdkYplx8=w300
com.drivemode.android,Drivemode: Driving interface,Auto & Vehicles,4.4,17659,"  1,000,000 - 5,000,000  ","May 2, 2017",https://lh3.googleusercontent.com/89SI9lUW8AD-ZhXUr-mXzINoh24vn9DH-2EJOPZu-Pk8EyUQmGDcpRqjcLMMRq7DNzVm=w300
com.hotpads.mobile,HotPads Apartments & Rentals,House & Home,4.4,17329,"  1,000,000 - 5,000,000  ","March 9, 2017",https://lh3.ggpht.com/ai59SUHSVORhaj3dQKo0XZSdbTR2rdnu3vgYJy_iKlezS8oYwBYn96tAM2jsbawh6B4=w300
de.starter.ssw,Pregnancy watcher widget,Parenting,4.2,17209,"  1,000,000 - 5,000,000  ","February 2, 2017",https://lh3.googleusercontent.com/4z_oukdzO6vl1gIDGKBdW5xpFS8MjDjQIJ8iNQE7wfS-EvUKJxbAvLPr7RGZPtS3aw=w300
com.inapp.incolor,InColor - Coloring Book,Art & Design,4.6,16894,"  500,000 - 1,000,000  ","March 6, 2017",https://lh3.googleusercontent.com/za-j6Dds5RSsXxa2APQiEUBvBohRz7twfbxHzf9SVmiHE7ISCY51byuy4-Fr7m6ga4aU=w300
com.carmax.carmax,CarMax - Used Cars for Sale,Auto & Vehicles,4.3,16069,"  1,000,000 - 5,000,000  ","December 15, 2016",https://lh5.ggpht.com/Ed42pqlWkFQLvOvsEBSggetTZ10YXYZRdSXRj36WVEM4FTab6q-OmuAKhNgwn-UzhKI=w300
com.fairfax.domain,Domain Real Estate & Property,House & Home,4.2,15400,"  1,000,000 - 5,000,000  ","May 11, 2017",https://lh3.googleusercontent.com/afklXzGmhxtrL9QIOQwW9Pe1OrETgNu6RYmWX8FCZ5ryFMR4CeGLzZEjmJPztu1ZzxM=w300
inshot.photoeditor.selfiecamera,Selfie Camera,Beauty,4.2,15081,"  1,000,000 - 5,000,000  ","December 2, 2016",https://lh3.googleusercontent.com/TNZHajyzDiZCPFkXe4HRpEVVjzFU_WboZg2Agize6wMiAoL3A24rB7e-W3tbq_cTUj4=w300
com.hovans.autoguard,AutoGuard Dash Cam - Blackbox,Auto & Vehicles,4.2,13247,"  1,000,000 - 5,000,000  ","April 9, 2017",https://lh6.ggpht.com/BDL7_TGGJ1fk2e3lbeTKklLGnTfQF_ldetOla6NwrBWubSsI7BFO-zHF5sEBxjr5PS8q=w300
com.carrotrocket.geozilla,Family Locator by GeoZilla,Parenting,4.3,13223,"  100,000 - 500,000  ","December 8, 2016",https://lh3.googleusercontent.com/Ff__82D03i5qqeukJhFItgx7B4l7e9q87snsXkNnApahhQHlWs76IQ1w2E0QwIp8IBc=w300
com.blst.hairstyles,Hair Styles Step by step,Beauty,3.4,12643,"  1,000,000 - 5,000,000  ","February 27, 2015",https://lh3.ggpht.com/65FLEktGUo1lw_T0-JfzKBtqDm4dZD2rpJlZ90dp8cI3BmmqE6oIt-2Xw0Bk8OXXPTc=w300
com.bikewale.app,"BikeWale -Search bike, scooter",Auto & Vehicles,4.6,12351,"  100,000 - 500,000  ","March 8, 2017",https://lh3.googleusercontent.com/MrxJWEhiYBOVlP8aisr6wTsZwdhz7I47D30_6TX4sW148nNq1Or_PkB73yJ0jiItziY=w300
dto.ee.dmv.genius,DMV Genie Permit Practice Test,Auto & Vehicles,4.9,11888,"  100,000 - 500,000  ","November 30, 2016",https://lh3.googleusercontent.com/ZpRFACyEwIvB5qzfag-NguaQ2G9kVw-ooDSHcl6mt19izszP78M3wYh7uHqwCFCYZQ=w300
ru.alexko.regionalcodes,Regional Codes of Russia,Auto & Vehicles,4.7,11807,"  1,000,000 - 5,000,000  ","September 2, 2016",https://lh3.googleusercontent.com/a1p7FWB118uGzH1-QBN7CmLKiy9A1rpvl5sWZypg26hWpbofO82dd8pIZjGaBQCCCVk=w300
com.fsp.android.g,Find My Kids - GPS Tracker,Parenting,4.4,10898,"  1,000,000 - 5,000,000  ","December 7, 2016",https://lh3.googleusercontent.com/B2N7IrE4VfXn_wVvKWO7G1tWDrNrdnYyQuFP3kM-carIZkM8OzR0YVRyWcPy5fgGJ-0=w300
com.primedia.apartmentguide,Apartments by Apartment Guide,House & Home,4.1,10381,"  1,000,000 - 5,000,000  ","May 11, 2017",https://lh3.ggpht.com/nAx9KHxW33bn_6stpltacKruNXmPbwnHZZHGQ1ephtFoPI_Vfn9bDME2MV5tug5szPpr=w300
yamayka.apps.NailsTutorial,Collection of Nails Designs,Beauty,4.2,10216,"  500,000 - 1,000,000  ","May 12, 2017",https://lh6.ggpht.com/4MvtuhxtDSQ5WXFQo4JYBr_J7HJ3enreZnNdEHrC-2YPHy5BVLbcgYaoFsjXrtbh3jEp=w300
yamayka.apps.BeautifulHairstyle,Hairstyles step by step,Beauty,4.0,8324,"  1,000,000 - 5,000,000  ","May 13, 2017",https://lh3.googleusercontent.com/7uRjyoHun8n5VINSefqPUTjUiLTDfOCnKX9YQfiZvKnu8dhl17RPrVZLgbZQa5sCVmU=w300
com.mobincube.android.sc_3AD624,Eyes makeup 2017 ( New),Beauty,3.8,7790,"  1,000,000 - 5,000,000  ","April 1, 2017",https://lh3.googleusercontent.com/KDHU8B7jrhU0IAjzEcwazRdAf0SBPHRWVg5bzfNlB_1WS1n61GPHN9RgM-lOOK5j-aA=w300
com.g8n8.pregnancytracker,Pregnancy Tracker,Parenting,4.7,7692,"  500,000 - 1,000,000  ","October 16, 2016",https://lh6.ggpht.com/yUvkvnxy_k_IvPMcTTg2HGQjQ0l0e8uzkSY2GL2jg1HQj5fbvQM-AHtp9hlK27yTNNFN=w300
com.moon.android.irangstory,Pregnancy App Tracker,Parenting,4.8,7307,"  100,000 - 500,000  ","January 9, 2017",https://lh3.googleusercontent.com/HUoTZVdpieDfOVnNNzcGHX2OoVn3X56Ht-VtgnrIsjUAlYxfGrJkDPnPBO1V_lWsCqs=w300
com.northpark.periodtracker,Period Tracker,Beauty,4.5,6812,"  100,000 - 500,000  ","October 11, 2016",https://lh3.googleusercontent.com/kObmNGj7qqSeuigUzMj0Y0rd4uQGvkoDMbtMrraBvtCZhBWTVYyRK7K-DclL5ldkccY=w300
com.zoobagames.android.hamilelik,Hamilelik ve Gebelik Takibi,Parenting,4.4,6505,"  100,000 - 500,000  ","November 17, 2016",https://lh3.ggpht.com/_EnfbwIaTL60BtOdFYIrEyPf0Ar_2jl0NrMb59VOVY1fd2tYpma7pBkiimPlZHBX1b4=w300
xdebugx.partyLightA,Party Light (free),Events,3.9,6115,"  1,000,000 - 5,000,000  ","May 4, 2017",https://lh3.googleusercontent.com/HNJ-wd19-hlxzPYQyImqKG_keK2CH6Hi9sSBphPaF4CrWsR1qk3DqPJx3nOQ2hbTRmx-=w300
com.ipsy.mobile.production,"ipsy: Makeup, Beauty, and Tips",Beauty,4.9,5892,"  100,000 - 500,000  ","April 13, 2017",https://lh3.googleusercontent.com/J_W0LobVRqbJ8XKbyKnHgWaIiUFZB9mw4ZV_h9f9gERztRvpt2mGQnNDqL8b8Y7jNJw=w300
com.nighp.babytracker_android,"Baby Tracker - Feed,Diaper Log",Parenting,4.6,5806,"  100,000 - 500,000  ","December 10, 2016",https://lh3.googleusercontent.com/2mPGobAXoK_eQqvqS6RfTBug1v8AnEeUevuFSNhDqRUzTo_bp16d4J9pqC0noDHXt1Hu=w300
com.mylittleparis.mylittlebeauty,My Little Beauty,Beauty,4.6,5748,"  100,000 - 500,000  ","September 22, 2016",https://lh3.googleusercontent.com/f6STC6qq840SB4sdywmfIB4sY5HYvNIBl59V49VkHBjn37YND9eVT74DUn8zXWtSFH8=w300
draziw.leftday.widget,Days  Left (countdown timer),Events,4.2,5533,"  100,000 - 500,000  ","April 26, 2017",https://lh3.ggpht.com/Z14f1NARY_KBXb3n4mcwhqYFeRjFohr3gks2s3BsZQQBwRoQfs2x0H7jKfZoYsAQN0tZ=w300
com.yplanapp,YPlan - Live Your City,Events,4.3,5344,"  500,000 - 1,000,000  ","December 16, 2016",https://lh3.googleusercontent.com/tdvp0lDnhDZBJqxw3dONvA4sUBhhZnCM_kK44U0sGTOrvLw9RHMvGgfJ2P4XxBL1Bg=w300
droso.application.nursing,Breastfeeding - Baby Tracker,Parenting,4.5,5252,"  100,000 - 500,000  ","April 22, 2017",https://lh3.googleusercontent.com/l6QrkDbQlTgn2kDYGZFwxb8qMpGhLUN-E2W3EvFMt6ghH6vM5OwhqvX_TfVBq9MnW3c=w300
com.proj.minecraftanimeskins,Anime Skins for Minecraft PE,Events,4.4,4548,"  500,000 - 1,000,000  ","February 2, 2017",https://lh3.googleusercontent.com/UqMPx3Zxa1lo05vLKvmrWQ_KhNETLV_PpLgat63-fKw31s4jPyrmjuCIkzb8B-6o32UH=w300
com.sopheos.videgreniersmobile,vide-greniers.org,Events,4.3,4303,"  100,000 - 500,000  ","November 8, 2016",https://lh4.ggpht.com/_c-OUNTA-viGlJuiOsJ7scFqHt--q3COlcTlnjoC3BC77NYb-ZEl3DlMRUtqB3krxnfT=w300
com.kudago.android,KudaGo - things to do in NY,Events,4.4,3773,"  100,000 - 500,000  ","April 27, 2017",https://lh3.googleusercontent.com/OML8Omvri9TpXzwNH1BdTJTgPK7Wdv2IxAKWFQl9xJt9EJpeUq7YrayZRZEBs4l8MA=w300
com.oldguide.inter.tipstekken,Guide Tekken 3,Events,3.8,3691,"  1,000,000 - 5,000,000  ","December 16, 2016",https://lh3.googleusercontent.com/LN3wwxUAW-TpnykGfDq09lydCPCaTj5-4_u4czssfql1b9UOYeiCkZEiNWByM57kDfY=w300
com.amitech.allevents,All Events in City,Events,3.9,3094,"  100,000 - 500,000  ","April 14, 2017",https://lh3.ggpht.com/TqzZMfB4WndyoTtZzaaYh45J1qv5caMHbbTN5PBCkstuo9nW9ykJKqzqbgZu1w3aNb8=w300
sk.ipndata.meninyamenafree,Name days,Events,4.1,2882,"  100,000 - 500,000  ","March 30, 2017",https://lh3.googleusercontent.com/74AECgnx3psYuM2w-R8fAK94481HgZUbVjTgCqzxc08FFK9-ZiZDsp6o8y5ZqXntBio=w300
com.nearify.android,Nearify - Discover Events,Events,4.4,2763,"  100,000 - 500,000  ","June 6, 2016",https://lh3.ggpht.com/CYx3IJANEy179hrkSj4qfCA7sw2XpO2cjuz3B6pStH74le6s2DzJFWnck_5s35HSouQ=w300
com.eventshigh.nearme.app,Events High - Meet Your City!,Events,4.2,2472,"  100,000 - 500,000  ","May 11, 2017",https://lh3.googleusercontent.com/kSOoODI0T2kS0awZ-4deECTIZDrlzR6l2Ua6yKymWhyujxjSPZPEAa91bPj56Qka5Ao=w300
tamer.android.prayertimes,Muezzin_New,Events,4.5,2018,"  100,000 - 500,000  ","March 30, 2017",https://lh5.ggpht.com/LABsOEAzu3ZOYWGu2uQqIOJxbfHI8cVBYMQhgFsAefwZ4nrnNF5UdrDXfc-iowzj7g=w300
com.iplplay2win.app,T20 League App 2017 - Live K+,Events,4.4,1049,"  100,000 - 500,000  ","May 2, 2017",https://lh3.googleusercontent.com/g-Lg9chJ7OETrGjVtuBU_tjFO9LHrPN2yCbDI6xiJPL9MJwPFkbFEZ63DHOU9B_3GA=w300
